property_price,property_location,beds,baths,receptions,area_sq_ft
"£2,817 pcm","Craven Hill Gardens, London W2",2 beds,1 bath,1 reception,NA
"£6,650 pcm","Legacy Building, Embassy Gardens, London SW11",3 beds,2 baths,1 reception,NA
"£1,400 pcm","South Norwood Hill, London SE25",1 bed,1 bath,1 reception,NA
"£5,633 pcm","Sydney Mews, London SW3",3 beds,3 baths,1 reception,1645 sq. ft
"£2,513 pcm","The Power House, Chiswick, Chiswick W4",2 beds,1 bath,1 reception,NA
"£2,383 pcm","Heathfield Court, Chiswick, Chiswick W4",2 beds,1 bath,1 reception,NA
"£3,462 pcm","Montgomery Road, Chiswick, Chiswick W4",3 beds,1 bath,2 receptions,NA
"£1,650 pcm","Bembridge Gardens, Ruislip HA4",2 beds,1 bath,1 reception,NA
"£2,747 pcm","Belgrave Court, Chiswick, Chiswick W4",2 beds,2 baths,1 reception,NA
"£3,896 pcm","Thames Crescent, Chiswick, Chiswick W4",3 beds,2 baths,1 reception,NA
"£1,570 pcm","Regents Bridge Gardens, London SW8",1 bed,1 bath,1 reception,NA
"£1,025 pcm","Birch Tree Way, Croydon, Surrey CR0",1 bath,NA,NA,NA
"£5,500 pcm","6 York Road, Battersea, London SW11",3 beds,2 baths,1 reception,1021 sq. ft
"£2,487 pcm","Kingsland Road, London E2",1 bed,NA,NA,NA
"£1,898 pcm","Broadhurst Gardens, London NW6",2 beds,NA,NA,NA
"£2,250 pcm","St. Martin's Avenue, London E6",3 beds,1 bath,2 receptions,NA
"£2,000 pcm","Sotheby Road, London N5",1 bed,1 bath,1 reception,693 sq. ft
"£1,993 pcm","Hackney Road, London E2",1 bed,1 bath,1 reception,388 sq. ft
"£2,895 pcm","Porchester Place, London W2",2 beds,2 baths,1 reception,NA
"£1,798 pcm","Holyrood Road, Barnet, New Barnet EN5",2 beds,2 baths,1 reception,NA
"£2,200 pcm","Morecambe Close, Hornchurch RM12",3 beds,1 bath,1 reception,NA
"£2,450 pcm","York Place, Coda Residences SW11",1 bed,1 bath,1 reception,567 sq. ft
"£4,999 pcm","Somerset Road, London SW19",5 beds,3 baths,1 reception,NA
"£1,950 pcm","River Gardens Walk, London SE10",1 bed,1 bath,1 reception,NA
"£1,900 pcm","Broad Lane, London N15",2 beds,1 bath,1 reception,NA
"£1,450 pcm","Stockton Road, Edmonton N18",1 bed,1 bath,1 reception,NA
"£2,200 pcm","Rockmount Road, London SE19",2 beds,2 baths,1 reception,NA
"£1,300 pcm","Anerley Road, London, Greater London SE20",1 bed,1 bath,1 reception,NA
"£17,528 pcm","Duke Street, Mayfair W1K",2 beds,2 baths,1 reception,1728 sq. ft
"£3,000 pcm","Chestnut Road, London SW20",3 beds,2 baths,1 reception,NA
"£4,290 pcm","Thornes House, Nine Elms, London SW11",2 beds,2 baths,1 reception,886 sq. ft
"£2,175 pcm","Kingston Upon Thames, London SW20",2 beds,1 bath,1 reception,NA
"£1,750 pcm","Kingston Upon Thames, London SW20",1 bed,1 bath,1 reception,NA
£850 pcm,"High Worple, Rayners Lane, Harrow HA2",1 bed,1 bath,NA,NA
"£4,996 pcm","Imperial Wharf, Fulham SW6",2 beds,2 baths,1 reception,NA
"£3,397 pcm","Imperial Wharf, Fulham SW6",2 beds,2 baths,1 reception,NA
"£2,250 pcm","Corbidge Court, Glaisher Street, Greenwich SE8",2 beds,2 baths,1 reception,NA
"£2,200 pcm","Park Close, London E9",2 beds,1 bath,1 reception,554 sq. ft
"£2,578 pcm","Marsham Street, Westminster SW1P",1 bed,1 bath,1 reception,NA
"£2,200 pcm","Halcot Avenue, Bexleyheath, Kent DA6",3 beds,1 bath,2 receptions,1 sq. ft
"£2,500 pcm","Morley Road, Sutton SM3",3 beds,1 bath,NA,NA
"£1,859 pcm","Tyssen Street, London E8",2 beds,1 bath,1 reception,NA
"£1,950 pcm","Edinburgh Close, Pinner HA5",1 bed,1 bath,NA,NA
"£1,500 pcm","Upper Richmond Road, London SW15",1 bed,1 bath,1 reception,NA
"£1,603 pcm","Kilburn High Road, London NW6",2 beds,1 bath,1 reception,NA
"£1,500 pcm","Causton Square, Dagenham RM10",2 beds,2 baths,1 reception,NA
"£2,350 pcm","Gipsy Road, London SE27",3 beds,1 bath,NA,NA
"£2,999 pcm","Alderbrook Road, London SW12",3 beds,2 baths,1 reception,NA
"£2,800 pcm","Victor Villas, Chiswick W4",2 beds,1 bath,NA,NA
"£2,245 pcm","Newington Causeway, London SE1",1 bed,1 bath,NA,NA
"£2,200 pcm","Mogden Lane, Isleworth TW7",1 bed,1 bath,1 reception,NA
"£1,450 pcm","Morris Avenue, London E12",3 beds,1 bath,1 reception,NA
"£2,650 pcm","Hartfield Crescent, London SW19",1 bed,1 bath,1 reception,NA
"£2,500 pcm","Marshall Street, London W1F",1 bed,1 bath,1 reception,NA
"£3,000 pcm","Marshall Street, London W1F",1 bed,1 bath,1 reception,NA
"£2,383 pcm","Wentworth Park, London N3",3 beds,1 bath,NA,NA
"£1,975 pcm","Chandos Avenue, South Ealing, London W5",2 beds,1 bath,1 reception,NA
"£1,650 pcm","Harlinger Street, Woolwich, London SE18",2 beds,NA,NA,NA
"£3,000 pcm","Cabul Road, London SW11",3 beds,2 baths,1 reception,NA
"£2,900 pcm","The Terrace, 136 Richmond Hill, Richmond TW10",2 beds,1 bath,1 reception,NA
"£1,450 pcm","Carltone Mansions, Finchley Road, London NW3",1 bed,1 bath,1 reception,NA
£975 pcm,"Broxholm Road, London SE27",1 bed,1 bath,NA,NA
£900 pcm,"Parchmore Road, Thornton Heath, Surrey CR7",1 bed,1 bath,NA,NA
"£6,950 pcm","Broomwood Road, London SW11",5 beds,3 baths,2 receptions,2459 sq. ft
"£1,850 pcm","Axio Way, Bow, London E3",1 bed,1 bath,1 reception,554 sq. ft
"£4,290 pcm","Thornhill Crescent, Barnsbury, London N1",2 beds,1 bath,1 reception,1138 sq. ft
"£4,500 pcm","Chipstead Gardens, Gladstone Park, London NW2",3 beds,2 baths,2 receptions,1082 sq. ft
"£1,400 pcm","Grove Park Road, London SE9",1 bed,1 bath,1 reception,NA
"£3,000 pcm","Chipstead Gardens, Gladstone Park, London NW2",3 beds,2 baths,2 receptions,1082 sq. ft
"£3,500 pcm","Muswell Hill, Muswell Hill, London N10",4 beds,2 baths,2 receptions,1445 sq. ft
"£4,250 pcm","Abbey Road EN1, Enfield,",5 beds,3 baths,2 receptions,2615 sq. ft
"£3,400 pcm","Tudor House, One Tower Bridge, Duchess Walk, London SE1",1 bed,1 bath,1 reception,540 sq. ft
"£2,450 pcm","Lindley Road, Leyton E10",4 beds,1 bath,1 reception,NA
"£1,650 pcm","Thurlow Park Road, West Dulwich SE21",2 beds,1 bath,1 reception,NA
"£8,450 pcm","Pont Street, Knightsbridge, London SW1X",1 bed,1 bath,1 reception,737 sq. ft
"£2,995 pcm","St. Pauls Avenue, Harrow HA3",5 beds,2 baths,1 reception,NA
"£1,760 pcm","George Street, Croydon CR0",1 bed,1 bath,1 reception,NA
"£3,500 pcm","The Landau Apartments, 72 Farm Lane, London SW6",2 beds,2 baths,1 reception,802 sq. ft
"£3,198 pcm","Arena Tower, Canary Wharf, London E14",2 beds,2 baths,1 reception,734 sq. ft
"£3,900 pcm","Arena Tower, Canary Wharf, London E14",2 beds,2 baths,1 reception,734 sq. ft
"£2,750 pcm","Robsart Street, Brixton, London SW9",2 beds,2 baths,797 sq. ft,NA
"£1,950 pcm","Canal Boulevard, London NW1",2 beds,NA,NA,NA
"£1,900 pcm","Sinclair Road, London W14",1 bed,1 bath,1 reception,NA
"£2,500 pcm","Sheepcote Road, Harrow HA1",2 beds,1 bath,1 reception,756 sq. ft
"£2,850 pcm","Shoreditch, London E1",2 beds,1 bath,460 sq. ft,NA
"£2,297 pcm","Marble Arch Apartments, 11 Harrowby Street, Marylebone, Marble Arche, Paddington, London W1H",1 bed,1 bath,NA,NA
"£1,800 pcm","Montpelier Road, London SE15",1 bed,1 bath,1 reception,NA
"£1,975 pcm","Garnet Place, West Drayton UB7",2 beds,2 baths,1 reception,NA
"£3,800 pcm","The Cube, 17-21 Wenlock Road, London N1",3 beds,2 baths,1 reception,1000 sq. ft
"£3,701 pcm","New Drum Street, London E1",2 beds,2 baths,1 reception,NA
"£2,300 pcm","Florence Road, South Wimbledon SW19",2 beds,1 bath,1 reception,NA
"£8,233 pcm","Frognal Lane, London NW3",3 beds,2 baths,1 reception,1288 sq. ft
"£1,750 pcm","East Croft House, 86 Northolt Road, Harrow HA2",2 beds,2 baths,1 reception,NA
"£2,947 pcm","Trinity Road, Tooting Bec SW17",2 beds,1 bath,2 receptions,NA
"£2,496 pcm","Manor Vale, Boston Manor Road, Brentford TW8",2 beds,1 bath,1 reception,NA
"£1,400 pcm","Memorial Avenue, West Ham E15",1 bed,1 bath,1 reception,452 sq. ft
"£8,950 pcm","Homefield Road, Chiswick, London W4",5 beds,3 baths,2 receptions,NA
"£1,650 pcm","87 The Hyde, London NW9",1 bed,1 bath,1 reception,NA
"£4,900 pcm","Redington Road, London NW3",3 beds,2 baths,1 reception,NA
"£1,750 pcm","Platinum House, Lyon Road, Harrow HA1",2 beds,2 baths,1 reception,NA
"£2,200 pcm","Sunnyhill Road, Streatham Hill SW16",2 beds,1 bath,1 reception,NA
"£1,550 pcm","Cleveland Grove, London E1",1 bed,1 bath,1 reception,NA
"£1,100 pcm","Vine Close, West Drayton, Greater London UB7",1 bed,1 bath,1 reception,NA
"£3,000 pcm","47 Mirabelle Gardens, London E20",3 beds,2 baths,1 reception,NA
"£3,200 pcm","Crouch Hill, London N4",5 beds,1 bath,1 reception,NA
£700 pcm,"Vincent Road, Isleworth TW7",1 bed,1 bath,NA,NA
"£2,925 pcm","Chronicle Tower, 261B City Road, London EC1V",1 bed,1 bath,568 sq. ft,NA
"£3,200 pcm","Putney Bridge Road, London SW15",2 beds,2 baths,1 reception,NA
"£1,998 pcm","Ferguson Close, Nr Canary Wharf, London E14",2 beds,1 bath,1 reception,NA
"£1,750 pcm","Hacon Square, Richmond Road, London E8",1 bed,1 bath,1 reception,NA
"£3,750 pcm","The Terrace, 136 Richmond Hill, Richmond TW10",2 beds,2 baths,1 reception,NA
"£2,999 pcm","St. Johns Wood Road, London NW8",2 beds,2 baths,1 reception,NA
"£1,700 pcm","Hermitage Wall, Wapping E1W",1 bed,1 bath,1 reception,NA
"£2,620 pcm","Fulham, London SW6",1 bed,1 bath,456 sq. ft,NA
"£2,427 pcm","Western Gateway, Royal Docks, London E16",2 beds,2 baths,1 reception,NA
"£2,080 pcm","Dalston Square, Hackney, London E8",1 bed,1 bath,1 reception,NA
"£2,708 pcm","Leman Street, Aldgate, London E1",1 bed,1 bath,1 reception,NA
"£4,117 pcm","Eastcastle Street, Fitzrovia, London W1W",2 beds,2 baths,1 reception,NA
"£1,733 pcm","Beaufort Square, Colindale, London NW9",1 bed,1 bath,1 reception,NA
"£4,983 pcm","Leman Street, Aldgate, London E1",3 beds,3 baths,1 reception,NA
"£1,950 pcm","5 Cobblestone Square, Wapping, London E1W",1 bath,1 reception,NA,NA
"£1,595 pcm","Elderwood Place, London SE27",1 bed,1 bath,1 reception,NA
"£2,167 pcm","Colindale Gardens, 6 Lismore Boulevard, Colindale, London NW9",2 beds,2 baths,1 reception,NA
"£11,999 pcm","Clement House, 190 Strand, London WC2R",3 beds,3 baths,1 reception,1989 sq. ft
"£8,017 pcm","Babmaes Street, St James's, London SW1Y",2 beds,2 baths,1 reception,796 sq. ft
"£4,250 pcm","Abbey Road EN1, Enfield,",5 beds,3 baths,2 receptions,3013 sq. ft
"£1,300 pcm","Inglis Road, Addiscombe, Croydon CR0",1 bed,1 bath,1 reception,NA
"£1,595 pcm","Kent Gardens, London W13",2 beds,1 bath,1 reception,NA
"£1,675 pcm","Willesden Lane, Brondesbury, London NW2",301 sq. ft,NA,NA,NA
"£1,100 pcm","Maple Road, Surbiton KT6",1 bed,1 bath,1 reception,NA
"£1,350 pcm","Woodcote Road, Wallington SM6",1 bed,1 bath,1 reception,1819 sq. ft
"£1,600 pcm","Lower Flat, Bradgate Road, Catford SE6",1 bed,1 bath,1 reception,NA
"£2,600 pcm","Imperial Drive, North Harrow, Harrow HA2",3 beds,1 bath,2 receptions,NA
"£1,863 pcm","Hornsey Lane, Highgate, London N6",1 bed,1 bath,1 reception,NA
"£1,600 pcm","High Trees, Brixton, London SW2",1 bed,1 bath,1 reception,NA
"£1,898 pcm","Cambridge Road North, London W4",2 beds,1 bath,1 reception,NA
"£1,500 pcm","Rubix House, High Street, Southall UB1",1 bed,1 bath,1 reception,560 sq. ft
"£1,500 pcm","Luna Apartments, Field End Road, Eastcote HA4",1 bed,1 bath,1 reception,NA
"£3,705 pcm","Bollinder Place, Islington, London EC1V",2 beds,1 bath,2 receptions,NA
"£2,000 pcm","Green Dragon Lane, Brentford TW8",2 beds,1 bath,1 reception,798 sq. ft
"£1,450 pcm","Chamberlayne Road, London NW10",1 bed,1 bath,1 reception,280 sq. ft
"£1,750 pcm","Fraser Close, London E6",2 beds,1 bath,1 reception,NA
"£2,500 pcm","Hertsmere Road, London E14",2 beds,2 baths,1 reception,NA
"£2,210 pcm","Prime Meridian Walk, Canary Wharf, London E14",2 beds,2 baths,1 reception,NA
"£2,349 pcm","Ben Jonson Road, Stepney Green, London E1",2 beds,2 baths,1 reception,NA
"£3,445 pcm","Hertsmere Road, Canary Wharf, London E14",2 beds,2 baths,1 reception,NA
"£6,067 pcm","Hertsmere Road, Canary Wharf, London E14",2 beds,2 baths,1 reception,NA
"£20,000 pcm","Lancaster Road, London SE25",10 beds,10 baths,2 receptions,NA
"£1,750 pcm","Regents Court, Stonegrove, Edgware HA8",2 beds,1 bath,1 reception,NA
"£1,550 pcm","1011 High Road, Whetstone N20",1 bed,1 bath,1 reception,NA
"£2,920 pcm","Ten Degrees, 100A George Street, Croydon CR0",3 beds,2 baths,1 reception,NA
"£2,145 pcm","Great Smith Street, London SW1P",1 bath,1 reception,NA,NA
"£2,750 pcm","Bunhill Row, London EC1Y",2 beds,1 bath,1 reception,NA
"£8,233 pcm","Prospect Way, Pico House, London SW11",2 beds,2 baths,1 reception,1401 sq. ft
"£1,450 pcm","Goldsmith Avenue, London E12",1 bed,1 bath,1 reception,NA
"£1,500 pcm","Craven Park Road, London NW10",1 bed,1 bath,1 reception,NA
"£1,950 pcm","2 Rookery Way, London NW9",2 beds,1 bath,1 reception,NA
£800 pcm,"Rannock Avenue, Kingsbury NW9",1 bed,3 baths,1 reception,NA
£867 pcm,"Wellesley Road, London E17",1 bed,1 bath,NA,NA
£780 pcm,"Devas Street, London E3",1 bed,2 baths,NA,NA
£823 pcm,"Bredel House, Mile End / Bow, London E14",1 bed,2 baths,NA,NA
£910 pcm,"367 Commercial Road, London E1",1 bed,1 bath,NA,NA
£867 pcm,"Old Church Road, London E1",1 bed,1 bath,NA,NA
£823 pcm,"Gale Street, London E3",1 bed,1 bath,NA,NA
£672 pcm,"Zetland Street, London E14",1 bed,2 baths,NA,NA
£650 pcm,"Western Avenue, London W3",1 bed,NA,NA,NA
"£3,000 pcm","Fulham Palace Road, London SW6",2 beds,1 bath,1 reception,494 sq. ft
"£7,000 pcm","Cambridge Street, London SW1V",5 beds,3 baths,2 receptions,NA
"£6,283 pcm","Thornes House, Charles Clowes Walk, London SW11",3 beds,2 baths,1 reception,NA
£825 pcm,"Denzil Road, Neasden NW10",1 bed,1 bath,1 reception,NA
"£2,600 pcm","Dance Square, London EC1V",1 bed,1 bath,1 reception,NA
"£1,500 pcm","Eton Lodge, Rosemary Lane, Mortlake SW14",2 beds,2 baths,1 reception,NA
"£2,485 pcm","Ten Degrees, 100A George Street, Croydon CR0",3 beds,1 bath,NA,NA
"£3,500 pcm","Susannah Street, London E14",2 beds,1 bath,1 reception,NA
"£1,850 pcm","Beverley Road, Ruislip HA4",1 bed,1 bath,1 reception,667 sq. ft
"£2,150 pcm","Priory Road, London NW6",2 beds,1 bath,1 reception,NA
"£1,700 pcm","Magpie Close, London NW9",2 beds,1 bath,NA,NA
"£2,446 pcm","Scrubs Lane, London NW10",4 beds,2 baths,1 reception,NA
"£3,600 pcm","Mount Pleasant Road, Walthamstow, London E17",1 bed,1 bath,1 reception,NA
"£3,163 pcm","Sloane Court East, Chelsea, London SW3",2 beds,2 baths,1 reception,NA
"£3,000 pcm","Kensington Church Street, London W8",1 bed,2 baths,NA,NA
£750 pcm,"Werndee Road, South Norwood SE25",2 beds,2 baths,1 reception,NA
"£2,800 pcm","The Downs, London SW20",2 beds,1 bath,1 reception,577 sq. ft
"£2,000 pcm","Chatsworth Road, London E5",5 beds,2 baths,1 reception,NA
"£3,750 pcm","Union Road, Wembley HA0",3 beds,1 bath,3 receptions,NA
"£2,200 pcm","Shirley Road, Croydon CR0",2 baths,NA,NA,NA
£750 pcm,"Lincoln Road, South Norwood SE25",2 beds,1 bath,1 reception,NA
"£1,650 pcm","Cannon Lane, Pinner HA5",2 beds,1 bath,1 reception,NA
"£2,100 pcm","Latham Close, Beckton E6",1 bed,NA,NA,NA
£810 pcm,"Anson Road, London NW2",1 bath,183 sq. ft,NA,NA
"£1,668 pcm","Thurston Road, London SE13",3 beds,2 baths,1 reception,NA
"£4,996 pcm","Portobello Court, Westbourne Grove, London W11",3 beds,3 baths,1 reception,NA
"£5,633 pcm","Sydney Mews, South Kensington, London SW3",4 beds,2 baths,1 reception,NA
"£2,700 pcm","Linksway, Hendon NW4",3 beds,2 baths,1 reception,NA
"£2,100 pcm","Walworth Road, Elephant And Castle, London SE1",1 bed,1 bath,1 reception,519 sq. ft
"£3,033 pcm","Walworth Road, Elephant And Castle, London SE17",2 beds,2 baths,1 reception,NA
"£12,500 pcm","Hampton Close, Cottenham Park Road, London SW20",5 beds,4 baths,2 receptions,NA
"£2,100 pcm","Nelson Road, South Wimbledon SW19",2 beds,1 bath,1 reception,NA
"£3,358 pcm","Crown Lodge, 12 Elystan Street, London SW3",1 bed,1 bath,1 reception,495 sq. ft
"£4,983 pcm","Casson Square, Southbank, London SE1.",2 beds,2 baths,1 reception,NA
"£1,200 pcm","Chipstead Valley Road, Coulsdon CR5",1 bed,1 bath,1 reception,NA
"£1,450 pcm","Upper Wickham Lane, Welling DA16",1 bed,1 bath,NA,NA
"£3,000 pcm","Cabul Road, London SW11",3 beds,2 baths,1 reception,NA
"£2,900 pcm","The Terrace, 136 Richmond Hill, Richmond TW10",2 beds,1 bath,1 reception,NA
"£1,450 pcm","Carltone Mansions, Finchley Road, London NW3",1 bed,1 bath,1 reception,NA
£975 pcm,"Broxholm Road, London SE27",1 bed,1 bath,NA,NA
£900 pcm,"Parchmore Road, Thornton Heath, Surrey CR7",1 bed,1 bath,NA,NA
"£6,950 pcm","Broomwood Road, London SW11",5 beds,3 baths,2 receptions,2459 sq. ft
"£1,850 pcm","Axio Way, Bow, London E3",1 bed,1 bath,1 reception,554 sq. ft
"£4,290 pcm","Thornhill Crescent, Barnsbury, London N1",2 beds,1 bath,1 reception,1138 sq. ft
"£4,500 pcm","Chipstead Gardens, Gladstone Park, London NW2",3 beds,2 baths,2 receptions,1082 sq. ft
"£1,400 pcm","Grove Park Road, London SE9",1 bed,1 bath,1 reception,NA
"£3,000 pcm","Chipstead Gardens, Gladstone Park, London NW2",3 beds,2 baths,2 receptions,1082 sq. ft
"£3,500 pcm","Muswell Hill, Muswell Hill, London N10",4 beds,2 baths,2 receptions,1445 sq. ft
"£4,250 pcm","Abbey Road EN1, Enfield,",5 beds,3 baths,2 receptions,2615 sq. ft
"£3,400 pcm","Tudor House, One Tower Bridge, Duchess Walk, London SE1",1 bed,1 bath,1 reception,540 sq. ft
"£2,450 pcm","Lindley Road, Leyton E10",4 beds,1 bath,1 reception,NA
"£1,650 pcm","Thurlow Park Road, West Dulwich SE21",2 beds,1 bath,1 reception,NA
"£8,450 pcm","Pont Street, Knightsbridge, London SW1X",1 bed,1 bath,1 reception,737 sq. ft
"£2,995 pcm","St. Pauls Avenue, Harrow HA3",5 beds,2 baths,1 reception,NA
"£1,760 pcm","George Street, Croydon CR0",1 bed,1 bath,1 reception,NA
"£3,500 pcm","The Landau Apartments, 72 Farm Lane, London SW6",2 beds,2 baths,1 reception,802 sq. ft
"£3,300 pcm","Emery Wharf, London Dock E1W",2 beds,2 baths,1 reception,NA
"£3,800 pcm","Millharbour, London E14",2 beds,2 baths,1 reception,NA
"£3,150 pcm","Holloway Road, Islington N7",3 beds,2 baths,1 reception,893 sq. ft
"£3,198 pcm","Arena Tower, Canary Wharf, London E14",2 beds,2 baths,1 reception,734 sq. ft
"£3,900 pcm","Arena Tower, Canary Wharf, London E14",2 beds,2 baths,1 reception,734 sq. ft
"£2,750 pcm","Robsart Street, Brixton, London SW9",2 beds,2 baths,797 sq. ft,NA
"£1,950 pcm","Canal Boulevard, London NW1",2 beds,NA,NA,NA
"£1,900 pcm","Sinclair Road, London W14",1 bed,1 bath,1 reception,NA
"£1,800 pcm","Montpelier Road, London SE15",1 bed,1 bath,1 reception,NA
"£1,975 pcm","Garnet Place, West Drayton UB7",2 beds,2 baths,1 reception,NA
"£3,800 pcm","The Cube, 17-21 Wenlock Road, London N1",3 beds,2 baths,1 reception,1000 sq. ft
"£3,701 pcm","New Drum Street, London E1",2 beds,2 baths,1 reception,NA
"£2,300 pcm","Florence Road, South Wimbledon SW19",2 beds,1 bath,1 reception,NA
"£8,233 pcm","Frognal Lane, London NW3",3 beds,2 baths,1 reception,1288 sq. ft
"£1,750 pcm","East Croft House, 86 Northolt Road, Harrow HA2",2 beds,2 baths,1 reception,NA
"£2,947 pcm","Trinity Road, Tooting Bec SW17",2 beds,1 bath,2 receptions,NA
"£2,496 pcm","Manor Vale, Boston Manor Road, Brentford TW8",2 beds,1 bath,1 reception,NA
"£1,400 pcm","Memorial Avenue, West Ham E15",1 bed,1 bath,1 reception,452 sq. ft
"£8,950 pcm","Homefield Road, Chiswick, London W4",5 beds,3 baths,2 receptions,NA
"£1,650 pcm","87 The Hyde, London NW9",1 bed,1 bath,1 reception,NA
"£4,900 pcm","Redington Road, London NW3",3 beds,2 baths,1 reception,NA
"£1,750 pcm","Platinum House, Lyon Road, Harrow HA1",2 beds,2 baths,1 reception,NA
"£2,200 pcm","Sunnyhill Road, Streatham Hill SW16",2 beds,1 bath,1 reception,NA
"£1,550 pcm","Cleveland Grove, London E1",1 bed,1 bath,1 reception,NA
"£1,100 pcm","Vine Close, West Drayton, Greater London UB7",1 bed,1 bath,1 reception,NA
"£3,000 pcm","47 Mirabelle Gardens, London E20",3 beds,2 baths,1 reception,NA
"£3,200 pcm","Crouch Hill, London N4",5 beds,1 bath,1 reception,NA
£700 pcm,"Vincent Road, Isleworth TW7",1 bed,1 bath,NA,NA
"£4,247 pcm","1108 Principal Tower, 115 Worship Street, London， EC2A",2 beds,2 baths,1 reception,872 sq. ft
"£5,500 pcm","Hornby Close, London NW3",5 beds,3 baths,1 reception,1743 sq. ft
"£3,000 pcm","Marathon House, London HA1",3 beds,2 baths,NA,NA
"£2,925 pcm","Chronicle Tower, 261B City Road, London EC1V",1 bed,1 bath,568 sq. ft,NA
"£3,200 pcm","Putney Bridge Road, London SW15",2 beds,2 baths,1 reception,NA
"£1,998 pcm","Ferguson Close, Nr Canary Wharf, London E14",2 beds,1 bath,1 reception,NA
"£1,750 pcm","Hacon Square, Richmond Road, London E8",1 bed,1 bath,1 reception,NA
"£3,750 pcm","The Terrace, 136 Richmond Hill, Richmond TW10",2 beds,2 baths,1 reception,NA
"£5,178 pcm","Maida Avenue, Little Venice W2",3 beds,2 baths,1 reception,NA
"£2,200 pcm","Enfield Road, London N1",1 bed,1 bath,1 reception,700 sq. ft
"£2,700 pcm","Enfield Road, London N1",2 beds,1 bath,1 reception,764 sq. ft
£900 pcm,"Gunnersbury Gardens, London W3",1 bath,NA,NA,NA
"£2,100 pcm","Skyline Plaza, Commercial Road E1",2 beds,1 bath,1 reception,NA
"£1,700 pcm","Lavender Hill, London SW11",1 bed,1 bath,1 reception,NA
"£1,300 pcm","Wood Lane, Isleworth TW7",1 bed,1 bath,NA,NA
"£2,750 pcm","Clay, Alto, Wembley HA9",2 beds,1 bath,NA,NA
"£1,750 pcm","Icon Apartments, Duckett Street E1",1 bed,1 bath,1 reception,NA
"£2,795 pcm","Bethune Road, London N16",4 beds,1 bath,1 reception,NA
"£4,550 pcm","Melcombe Court, Dorset Square, Baker Street NW1",4 beds,NA,NA,NA
"£5,500 pcm","Kiddapore Avenue, London NW3",3 beds,2 baths,1 reception,NA
"£12,177 pcm","Rainville Road, London W6",3 beds,3 baths,2 receptions,1872 sq. ft
"£1,550 pcm","Stanley Road, North Chingford E4",1 bed,1 bath,1 reception,NA
"£3,400 pcm","Marsh Wall, London E14",2 beds,2 baths,1 reception,859 sq. ft
"£36,833 pcm","Palace Gardens Terrace, London W8",3 beds,1 bath,1 reception,NA
"£2,400 pcm","New Road, Ilford IG3",1 bed,1 bath,1 reception,470 sq. ft
"£2,150 pcm","Earl's Court Square, London SW5",2 beds,1 bath,1 reception,NA
"£2,300 pcm","Bethnal Green Road, Bethnal Green, London E2",2 beds,2 baths,1 reception,1354 sq. ft
"£1,900 pcm","Landor Walk, Shepherd's Bush, London W12",1 bed,1 bath,1 reception,501 sq. ft
"£3,500 pcm","Haverstock Hill, London NW3",2 beds,1 bath,1 reception,NA
"£2,800 pcm","Saxon House, Parkland Walk SW6",1 bed,1 bath,1 reception,NA
"£1,100 pcm","Wood Lane, Isleworth TW7",1 bed,1 bath,NA,NA
"£2,817 pcm","Elgin Crescent, London W11",1 bed,1 bath,1 reception,522 sq. ft
"£1,775 pcm","Westgate House, London W5",1 bed,1 bath,1 reception,512 sq. ft
£650 pcm,"Lamberhurst Road, Dagenham RM8",1 bed,1 bath,NA,NA
"£1,400 pcm","King Street, London W6",1 bed,1 bath,1 reception,NA
"£2,950 pcm","The Hyde, London NW9",3 beds,2 baths,1 reception,NA
"£7,500 pcm","Fitzjohns Avenue, Hampstead NW3",3 beds,3 baths,1 reception,1598 sq. ft
"£1,650 pcm","Oakleigh Road North, London N20",1 bed,1 bath,1 reception,NA
"£3,700 pcm","Long Lane, London SE1",3 beds,3 baths,1 reception,NA
"£1,950 pcm","Gilpin House, Fore Street, London N9",2 beds,1 bath,1 reception,NA
"£9,967 pcm","Lexham Gardens, London W8",4 beds,5 baths,1 reception,1505 sq. ft
"£1,800 pcm","Scarborough Road, London N4",1 bed,1 bath,1 reception,NA
"£1,300 pcm","Twickenham Road, Isleworth TW7",1 bed,1 bath,1 reception,NA
£900 pcm,"Gayton Road, Harrow-On-The-Hill, Harrow HA1",1 bath,1 reception,NA,NA
"£1,800 pcm","115 Rosefinch Apartments, London NW9",1 bed,1 bath,1 reception,581 sq. ft
"£3,500 pcm","Maresfield Gardens, Hampstead NW3",2 beds,1 bath,1 reception,NA
"£2,250 pcm","Thames Road, London W4",3 beds,1 bath,1 reception,NA
"£2,700 pcm","Rita Rd, London SW8",3 beds,2 baths,1 reception,NA
"£2,700 pcm","Stopford Road, London E13",3 beds,2 baths,1 reception,NA
"£1,200 pcm","Elmers End Road, London SE20",1 bed,1 bath,NA,NA
"£5,000 pcm","Clifton Court, Northwick Terrace NW8",3 beds,3 baths,1 reception,NA
"£9,850 pcm","L-000066, 28 Circus Road West, Battersea SW11",3 beds,3 baths,1 reception,NA
"£1,100 pcm","Frobisher Road, Erith, Kent DA8",1 bed,NA,NA,NA
"£1,538 pcm","Quernmore Road, Harringey N4",1 bed,1 bath,1 reception,NA
"£1,538 pcm","Quernmore Road, Harringey N4",1 bed,1 bath,1 reception,NA
"£2,199 pcm","Highcroft, North Hill, London N6",2 beds,1 bath,1 reception,NA
"£3,570 pcm","Chelsea, London SW3",1 bed,1 bath,573 sq. ft,NA
"£3,570 pcm","Bayswater, London W2",2 beds,1 bath,585 sq. ft,NA
"£7,150 pcm","Emperors Gate, South Kensington SW7",3 beds,2 baths,1 reception,NA
"£1,250 pcm","Oaklands Grove, London W12",1 bath,NA,NA,NA
"£2,890 pcm","George Street, Croydon CR0",3 beds,2 baths,1 reception,NA
"£1,900 pcm","Scarborough Road, London N4",1 bed,1 bath,1 reception,NA
"£4,814 pcm","Grosvenor Hill, London W1K",1 bed,1 bath,1 reception,712 sq. ft
"£1,450 pcm","Little Heath, Chadwell Heath, Romford RM6",1 bed,1 bath,1 reception,NA
"£4,983 pcm","Casson Square, London SE1",2 beds,2 baths,1 reception,NA
"£1,950 pcm","Philbeach Gardens, London SW5",1 bath,NA,NA,NA
"£1,300 pcm","Girton Close, Northolt UB5",1 bed,1 bath,1 reception,NA
"£2,750 pcm","Quaker Street, Shoredtich E1",2 beds,2 baths,1 reception,NA
"£1,650 pcm","Ilford Lane, Ilford IG1",2 beds,1 bath,1 reception,NA
"£1,550 pcm","Girton Close, Northolt UB5",1 bed,1 bath,1 reception,NA
"£8,233 pcm","Kingston House South, Ennismore Gardens SW7",3 beds,2 baths,2 receptions,NA
"£2,400 pcm","Bow Common Lane, London E3",3 beds,1 bath,1 reception,NA
"£1,800 pcm","Girton Close, Northolt UB5",2 beds,1 bath,1 reception,NA
"£2,150 pcm","Yeading Lane, Northolt UB5",2 beds,1 bath,NA,NA
"£3,900 pcm","Langham Place, London W4",4 beds,2 baths,1 reception,NA
"£2,400 pcm","Sydney Road, Abbey Wood SE2",3 beds,2 baths,2 receptions,NA
"£2,800 pcm","Mile End Road, Whitechapel E1",3 beds,1 bath,1 reception,NA
"£3,467 pcm","Harcourt Tower, 67 Marsh Wall, London E14",2 beds,1 bath,1 reception,614 sq. ft
"£4,442 pcm","Fulham Road, London SW3",2 beds,2 baths,1 reception,843 sq. ft
"£3,900 pcm","Water Street, London E14",2 beds,2 baths,NA,NA
"£3,500 pcm","Maresfield Gardens, Hampstead NW3",2 beds,1 bath,1 reception,NA
"£2,000 pcm","Jasper Road, London E16",3 beds,1 bath,1 reception,686 sq. ft
"£1,125 pcm","Alexandra Road, Mitcham CR4",1 bed,1 bath,NA,NA
"£3,750 pcm","Revelstoke Road, Southfields, London SW18",1 bed,1 bath,1 reception,1090 sq. ft
"£2,180 pcm","Canary Wharf, London E14",1 bed,2 baths,917 sq. ft,NA
"£5,633 pcm","East Heath Road, Hampstead NW3",2 beds,2 baths,1 reception,NA
"£2,000 pcm","Jasper Road, London E16",3 beds,1 bath,1 reception,686 sq. ft
"£1,125 pcm","Alexandra Road, Mitcham CR4",1 bed,1 bath,NA,NA
"£1,699 pcm","Alexandra Road, Mitcham CR4",1 bed,1 bath,1 reception,NA
"£10,833 pcm","Elite House, St. Annes Street, London E14",2 beds,2 baths,1 reception,637 sq. ft
"£2,600 pcm","Pied Bull Court, Galen Place WC1A",1 bed,2 baths,1 reception,NA
"£4,108 pcm","Water Street, London E14",2 beds,2 baths,910 sq. ft,NA
"£1,000 pcm","Worton Way, Isleworth TW7",1 bath,NA,NA,NA
"£1,000 pcm","Pownall Road, London E8",1 bath,NA,NA,NA
£950 pcm,"Pownall Road, London E8",1 bath,NA,NA,NA
"£3,900 pcm","Aspen, 50 Marsh Wall E22",2 beds,2 baths,1 reception,864 sq. ft
"£1,050 pcm","Pownall Road, London E8",1 bath,NA,NA,NA
£850 pcm,"Pownall Road, London E8",1 bath,NA,NA,NA
"£1,700 pcm","Llanover Road, Wembley HA9",2 beds,1 bath,1 reception,596 sq. ft
"£3,500 pcm","Haydons Road, London SW19",4 beds,3 baths,1 reception,NA
"£1,800 pcm","Market Square, London E14",2 beds,1 reception,NA,NA
"£2,600 pcm","Chiswick High Road, London W4",2 beds,1 bath,1 reception,NA
"£1,775 pcm","Wandsworth Bridge Road, Fulham SW6",1 bed,1 bath,1 reception,NA
"£3,033 pcm","Merchant Square East, London W2",1 bed,1 bath,1 reception,501 sq. ft
"£3,000 pcm","Silverbirch Walk, Maitland Park Road, London NW3",2 beds,3 baths,NA,NA
"£2,817 pcm","Stephendale Road, London SW6",3 beds,1 bath,1 reception,NA
"£1,650 pcm","Monarchs Court, 10 Grenville Place, London NW7",2 beds,1 bath,1 reception,NA
"£2,000 pcm","Cambridge Heath Road, Bethnal Green E2",2 beds,1 bath,1 reception,NA
"£2,200 pcm","Victoria Park Square, London E2",1 bed,1 bath,1 reception,NA
"£1,650 pcm","Scarborough Road, London N4",1 bath,1 reception,NA,NA
"£2,102 pcm","Sycamore Close, Feltham TW13",3 beds,2 baths,NA,NA
"£1,800 pcm","Plaistow Road, Plaistow, London E13",1 bed,1 bath,1 reception,746 sq. ft
"£2,600 pcm","9 Albert Embankment, Vauxhall, London SE1",1 bed,1 bath,1 reception,581 sq. ft
"£2,135 pcm","Vanguard Way, London E17",1 bed,1 bath,1 reception,558 sq. ft
"£3,250 pcm","Trader Road, East Beckton E6",4 beds,3 baths,2 receptions,NA
"£3,000 pcm","Hetherington Road, London SW4",2 beds,1 bath,1 reception,NA
"£2,380 pcm","George Street, Croydon CR0",2 beds,2 baths,1 reception,NA
£900 pcm,"George Lane, London E18",1 bath,NA,NA,NA
"£1,750 pcm","Prospect Court, Foots Cray High Street, Sidcup DA14",2 beds,1 bath,1 reception,NA
"£1,400 pcm","Taywood Road, Northolt UB5",2 beds,2 baths,1 reception,NA
"£1,500 pcm","High Street North, London E6",1 bed,1 bath,1 reception,NA
"£2,700 pcm","Webber Street, London SE1",2 beds,1 bath,1 reception,NA
"£5,000 pcm","Wendle Square, Battersea Park SW11",4 beds,3 baths,2 receptions,NA
"£1,400 pcm","Barville Close, London SE4",1 bed,1 bath,1 reception,NA
"£2,100 pcm","Wild's Rents, London SE1",1 bed,1 bath,1 reception,484 sq. ft
"£3,033 pcm","Merchant Square East, London W2",1 bed,1 bath,1 reception,501 sq. ft
£775 pcm,"New Street Hill, Bromley BR1",1 bed,1 bath,NA,NA
"£3,800 pcm","Cathles Rd, London SW12",2 beds,2 baths,NA,NA
"£2,800 pcm","Palmer Road, London SW11",1 bed,1 bath,NA,NA
"£2,150 pcm","Fencepiece Road, Ilford IG6",3 beds,2 baths,1 reception,NA
"£3,700 pcm","Long Lane, London SE1",3 beds,3 baths,1 reception,NA
"£5,350 pcm","Abell House, John Islip Street, Westminster, London SW1P",2 beds,2 baths,1 reception,1027 sq. ft
"£1,850 pcm","Wheat Sheaf Close, London E14",2 beds,2 baths,1 reception,NA
"£10,000 pcm","Lauderdale Drive, Richmond TW10",6 beds,4 baths,2 receptions,NA
"£2,350 pcm","Princes Court, Surrey Quays SE16",2 beds,2 baths,1 reception,888 sq. ft
"£6,250 pcm","Denton Road, Twickenham TW1",5 beds,3 baths,2 receptions,NA
"£3,400 pcm","Chamberlayne Avenue, Wembley HA9",6 beds,4 baths,2 receptions,NA
"£1,750 pcm","Edgware Road, London W2",1 bed,1 bath,1 reception,NA
"£1,295 pcm","Althorpe Road, Harrow HA1",1 bed,1 bath,1 reception,NA
"£2,145 pcm","Egerton Gardens, London SW3",1 bath,1 reception,NA,NA
"£6,500 pcm","Bramham Gardens, London SW5",2 beds,2 baths,2 receptions,NA
"£3,050 pcm","Milestone House, Old Kent Road SE1",4 beds,2 baths,1 reception,NA
"£3,000 pcm","Wilkinson Close, London NW2",3 beds,2 baths,1 reception,1148 sq. ft
"£1,735 pcm","George Street, Croydon CR0",1 bed,1 bath,1 reception,NA
"£1,950 pcm","Umber House, Lismore Boulevard, London NW9",2 beds,2 baths,1 reception,NA
"£6,900 pcm","Ferme Park Road, Crouch End, London N8",6 beds,2 baths,2 receptions,2045 sq. ft
"£2,600 pcm","Hogarth Gardens, Hounslow TW5",4 beds,1 bath,1 reception,NA
"£4,767 pcm","Pulse Apartments, 52 Lymington Road NW6",3 beds,2 baths,1 reception,1056 sq. ft
"£2,300 pcm","Scarborough Road, London N4",2 beds,1 bath,1 reception,NA
"£9,967 pcm","Park Lane, London W1K",3 beds,2 baths,1 reception,NA
"£8,732 pcm","Park Road, London NW8",5 beds,4 baths,2400 sq. ft,NA
"£2,050 pcm","Highbury Stadium Square, London N5",1 bed,1 bath,1 reception,NA
"£17,333 pcm","Park Towers, Brick Street, London W1J",3 beds,3 baths,1 reception,1952 sq. ft
"£2,150 pcm","Archway Road, London N6",2 beds,1 bath,1 reception,646 sq. ft
"£1,300 pcm","Anerley Road, London SE20",1 bed,1 bath,1 reception,NA
"£1,150 pcm","Boltons Lane, Harlington UB3",1 bed,1 bath,NA,NA
"£2,400 pcm","East Ferry Road, Heritage Tower E14",1 bed,1 bath,1 reception,554 sq. ft
"£2,383 pcm","Richmond Way, Shepherds Bush W12",2 beds,1 bath,1 reception,675 sq. ft
"£1,500 pcm","Benedicts Wharf, Highbridge Road, Barking IG11",1 bed,1 bath,1 reception,NA
"£1,000 pcm","John Aird Court, London W2",5 beds,3 baths,NA,NA
"£2,000 pcm","Warwick Road, London SW5",1 bed,1 bath,1 reception,NA
"£2,200 pcm","Summerwood Road, Isleworth TW7",3 beds,1 bath,1 reception,918 sq. ft
"£1,000 pcm","Elmdene, Tolworth, Surbiton KT5",1 bath,NA,NA,NA
"£2,000 pcm","Silverworks Close, London NW9",2 beds,2 baths,1 reception,NA
"£2,700 pcm","Curlew Street, London SE1",2 beds,2 baths,1 reception,NA
"£4,000 pcm","Edgware Road, London W2",1 bed,1 bath,572 sq. ft,NA
"£1,995 pcm","Talisman Tower, Lincoln Plaza, Canary Wharf, London E14",1 bath,1 reception,324 sq. ft,NA
"£3,012 pcm","Edith Grove, Chelsea, London SW10",2 beds,1 bath,1 reception,534 sq. ft
"£9,000 pcm","Atalanta Street, London SW6",6 beds,4 baths,2 receptions,NA
"£3,276 pcm","Hill Street, Mayfair W1J",1 bed,1 bath,1 reception,437 sq. ft
"£2,199 pcm","Southwood Drive, Surbiton KT5",3 beds,1 bath,NA,NA
"£2,925 pcm","George Street, London E14",1 bed,1 bath,585 sq. ft,NA
"£11,700 pcm","Prince Of Wales Terrace, London W8",2 beds,2 baths,NA,NA
"£2,200 pcm","Southwood Drive, Surbiton KT5",3 beds,1 bath,NA,NA
"£2,150 pcm","Kingsbury Road, London NW9",3 beds,1 bath,1 reception,NA
"£2,100 pcm","Selborne Gardens, London NW4",2 beds,1 bath,NA,NA
"£4,000 pcm","Baker Street, London NW1",3 beds,2 baths,1 reception,1276 sq. ft
"£1,900 pcm","Gladding Road, London E12",2 beds,1 bath,1 reception,NA
"£2,700 pcm","Kew Gardens Road, Kew, Richmond, Surrey TW9",3 beds,2 baths,1 reception,NA
"£1,700 pcm","Kew Gardens Road, Kew, Richmond, Surrey TW9",1 bed,1 bath,1 reception,NA
"£8,450 pcm","Grove End Road, St John's Wood, London NW8",4 beds,3 baths,1 reception,1766 sq. ft
£750 pcm,"Ordnance Road, Enfield EN3",1 bed,1 bath,1 reception,1141 sq. ft
£850 pcm,"Ordnance Road, Enfield EN3",1 bed,1 bath,1 reception,1141 sq. ft
"£4,312 pcm","Cresta House, Finchley Road, Swiss Cottage NW3",3 beds,3 baths,1 reception,1074 sq. ft
"£3,600 pcm","St George Wharf SW8, Vauxhall, London,",2 beds,2 baths,1 reception,1325 sq. ft
"£1,900 pcm","Cleave Avenue, Hayes UB3",2 beds,765 sq. ft,NA,NA
"£17,333 pcm","Elystan Place, London SW3",4 beds,4 baths,1 reception,NA
"£3,012 pcm","Turks Row, Sloane Square, London SW3",2 beds,1 bath,1 reception,790 sq. ft
"£3,800 pcm","Horne Way, West Putney, London SW15",3 beds,1 bath,1 reception,799 sq. ft
"£5,634 pcm","Firth Gardens, Fulham, London SW6",2 beds,2 baths,1 reception,964 sq. ft
"£13,000 pcm","Studdridge Street, Fulham, London SW6",4 beds,3 baths,2 receptions,2479 sq. ft
"£2,145 pcm","Cromwell Road, South Kensington, London SW7",1 bath,1 reception,462 sq. ft,NA
"£2,400 pcm","Horne Way, West Putney, London SW15",3 beds,1 bath,1 reception,799 sq. ft
"£2,000 pcm","The Green, Southall UB2",2 beds,2 baths,1 reception,615 sq. ft
"£2,400 pcm","Sheepcote Road, Harrow HA1",1 bed,1 bath,1 reception,503 sq. ft
"£5,633 pcm","Whetstone Park, London WC2A",3 beds,2 baths,1 reception,NA
"£2,800 pcm","Alington Crescent, Kingsbury, London NW9",3 beds,1 bath,1 reception,1468 sq. ft
"£4,008 pcm","Nottingham Place, London W1U",2 beds,1 bath,1 reception,NA
"£5,200 pcm","Ifield Road, Chelsea, London SW10",2 beds,2 baths,1 reception,778 sq. ft
"£2,750 pcm","Heygate Street, Elephant And Castle, London SE17",1 bed,1 bath,1 reception,557 sq. ft
"£1,650 pcm","Sheepcote Road, Harrow HA1",1 bed,1 bath,1 reception,503 sq. ft
"£5,000 pcm","Steedman Street, Elephant And Castle, London SE17",2 beds,1 bath,1 reception,940 sq. ft
"£2,275 pcm","Saltram Crescent, Maida Vale, London W9",2 beds,1 bath,1 reception,572 sq. ft
"£1,550 pcm","Streatham High Road, London SW16",1 bed,1 bath,1 reception,NA
"£1,725 pcm","Copers Cope Road, Beckenham, Kent BR3",2 beds,2 baths,1 reception,NA
"£1,919 pcm","Ark Wembley, First Way, Wembley HA9",1 bath,1 reception,NA,NA
£850 pcm,"Yoxley Drive, Ilford IG2",1 bed,1 bath,NA,NA
"£2,297 pcm","Corson House, London City Island, London E14",1 bed,1 bath,1 reception,NA
"£1,850 pcm","Corbylands Road, Sidcup DA15",2 beds,1 bath,2 receptions,NA
"£3,750 pcm","Hyperion Tower, Pump House Crescent, Brentford TW8",3 beds,2 baths,1 reception,1040 sq. ft
"£1,899 pcm","Ark Wembley, First Way, Wembley HA9",1 bath,1 reception,NA,NA
"£1,733 pcm","The Hyde, London NW9",1 bed,1 bath,1 reception,NA
"£1,650 pcm","Gosfield Street, London W1W",1 bed,1 bath,440 sq. ft,NA
"£4,000 pcm","Royal Mint Street, London E1",3 beds,4 baths,1 reception,1379 sq. ft
"£1,559 pcm","Ark Wembley, First Way, Wembley HA9",1 bath,1 reception,NA,NA
"£1,950 pcm","Westbere Road, London NW2",2 beds,1 bath,1 reception,NA
"£1,452 pcm","Kentish Town Road, Kentish Town NW1",1 bath,1 reception,NA,NA
"£1,950 pcm","More Close, St. Paul's Court, Hammersmith W14",1 bed,1 bath,1 reception,509 sq. ft
"£1,795 pcm","Ulysses Road, London NW6",1 bed,1 bath,NA,NA
"£3,033 pcm","Merchant Square East, London W2",1 bed,1 bath,1 reception,NA
"£12,176 pcm","Rainville Road, Hammersmith W6",3 beds,4 baths,3 receptions,1872 sq. ft
"£1,400 pcm","Brendans Close, Hornchurch RM11",1 bed,1 bath,1 reception,NA
"£2,799 pcm","Frimley Gardens, Mitcham CR4",1 bed,1 bath,1 reception,NA
"£4,333 pcm","Marsh Wall, Canary Wharf E14",2 beds,3 baths,NA,NA
"£15,578 pcm","Arkwright Road, Hampstead NW3",4 beds,4 baths,1 reception,2225 sq. ft
"£2,037 pcm","Newington Causeway, London SE1",1 bed,NA,NA,NA
"£2,000 pcm","Roman Road, London E3",2 beds,1 bath,1 reception,NA
"£1,950 pcm","Holloway Road, Holloway, London N7",2 beds,1 bath,1 reception,NA
"£1,500 pcm","Lithos Mansions, Finchley Road, London NW3",1 bath,1 reception,NA,NA
"£2,557 pcm","Shoreditch Exchange, Shoreditch, London E2",1 bed,1 bath,1 reception,NA
"£2,817 pcm","William IV Street, Covent Garden WC2N",1 bed,1 bath,1 reception,NA
"£1,750 pcm","Argyle Walk, London WC1H",1 bed,1 bath,1 reception,450 sq. ft
"£1,900 pcm","Betham Road, Greenford UB6",2 beds,2 baths,1 reception,NA
"£1,799 pcm","Ark Wembley, First Way, Wembley HA9",1 bath,1 reception,NA,NA
"£1,950 pcm","Copenhagen Street, Islington, London N1",1 bed,1 bath,1 reception,323 sq. ft
"£1,300 pcm","Willenhall Drive, Hayes UB3",1 bed,1 bath,1 reception,NA
"£2,799 pcm","Victoria Road, Mitcham CR4",4 beds,1 bath,NA,NA
"£1,800 pcm","Tracey Bellamy Court, Limehouse E14",1 bed,1 bath,1 reception,560 sq. ft
"£1,750 pcm","High Road, North Finchley N12",2 beds,1 bath,1 reception,NA
"£2,750 pcm","Station Road, Harrow HA1",3 beds,NA,NA,NA
£295 pcm,"Old Brompton Road, London SW5",2 beds,2 baths,1 reception,680 sq. ft
"£3,033 pcm","Back Church Lane, London E1",1 bath,1 reception,NA,NA
£950 pcm,"Telford Avenue, Streatham Hill SW2",2 beds,1 bath,1 reception,753 sq. ft
"£1,795 pcm","Cherington Road, Hanwell, London W7",1 bed,1 bath,1 reception,NA
"£2,045 pcm","Balfron Tower St. Leonards Road, London E14",1 bath,1 reception,NA,NA
"£1,400 pcm","Lithos Mansions, Finchley Road, London NW3",2 beds,1 bath,1 reception,NA
"£1,900 pcm","Kenninghall Road, Rectory Rail, Upper Clapton, Hackney E5",2 beds,2 baths,1 reception,NA
"£2,795 pcm","Balfron Tower St. Leonards Road, London E14",2 beds,2 baths,1 reception,NA
"£4,030 pcm","Duchess Walk, London SE1",3 beds,1 bath,1 reception,645 sq. ft
"£2,750 pcm","Wynford Road, London N1",1 bed,1 bath,1 reception,550 sq. ft
"£6,000 pcm","Logan Mews, London W8",3 beds,2 baths,1 reception,NA
"£3,033 pcm","Hatton Wall, Holborn, London EC1N",2 beds,NA,NA,NA
"£4,996 pcm","North End Way, Hampstead NW3",3 beds,3 baths,1 reception,1292 sq. ft
"£1,850 pcm","Lingards Road, London SE13",2 beds,1 bath,1 reception,NA
"£1,750 pcm","Highwood Hill, London NW7",3 beds,2 baths,1250 sq. ft,NA
"£12,350 pcm","Wynford Road, London N1",1 bed,1 bath,1 reception,NA
"£3,575 pcm","Tomline House, Union Street, London, 0Et, London SE1",2 beds,NA,NA,NA
"£2,050 pcm","Minton Mews, London NW6",1 bath,1 reception,NA,NA
"£1,045 pcm","Hanger Lane, London W5",2 beds,1 bath,1 reception,NA
"£2,100 pcm","Fairmead Road, London N19",2 beds,2 baths,1 reception,NA
"£3,500 pcm","Exchange Gardens, London SW8",2 beds,2 baths,1 reception,NA
"£2,250 pcm","Cromwell Road, Teddington TW11",4 beds,2 baths,1 reception,NA
"£2,750 pcm","Landcroft Road, London SE22",2 beds,2 baths,2 receptions,NA
"£3,987 pcm","Meranti House, Goodmans Fields, Aldgate E1",1 bed,1 bath,NA,NA
"£1,400 pcm","Winmill Road, Dagenham RM8",1 bath,NA,NA,NA
"£1,299 pcm","Ealing, London W13",5 beds,2 baths,NA,NA
"£3,150 pcm","Hillview Gardens, Harrow HA2",1 bath,NA,NA,NA
"£1,700 pcm","Spring Street, London W2",1 bed,1 bath,NA,NA
"£1,050 pcm","Adelaide Road, London NW3",3 beds,2 baths,1 reception,NA
"£3,200 pcm","Fortune Green Road, London NW6",2 beds,2 baths,1 reception,NA
"£6,500 pcm","Cadogan Square, Knightsbridge SW1X",2 beds,2 baths,1 reception,NA
"£4,767 pcm","Cadogan Square, Knightsbridge SW1X",1 bath,1 reception,NA,NA
£925 pcm,"Adelaide Road, London NW3",1 bath,NA,NA,NA
"£1,200 pcm","Camden High Street, London NW1",2 beds,1 bath,NA,NA
"£2,900 pcm","Melrose Ave, Cricklewood NW2",3 beds,2 baths,NA,NA
"£3,250 pcm","Candahar Road, Battersea SW11",1 bed,1 bath,NA,NA
"£1,500 pcm","Alexandra Grove, London N12",2 beds,1 bath,NA,NA
"£5,000 pcm","Longmead Road, Tooting, London SW17",6 beds,1506 sq. ft,NA,NA
"£2,578 pcm","Trinity Street, London SE1",2 beds,1 bath,1 reception,NA
"£1,907 pcm","Kings Avenue, London SW4",1 bed,NA,NA,NA
"£2,295 pcm","Augustine House, London SE13",1 bed,1 bath,NA,NA
"£1,200 pcm","Redford Close, Feltham TW13",1 bed,1 bath,NA,NA
"£3,280 pcm","Bridgeway House, Twickenham TW2",2 beds,1 bath,NA,NA
£950 pcm,"Eastern Ave, Romford RM1",1 bed,2 baths,NA,NA
"£5,000 pcm","Rectory Orchard, London SW19",5 beds,1 bath,NA,NA
"£2,500 pcm","Grove End Road, London NW8",2 beds,1 bath,1 reception,596 sq. ft
"£1,995 pcm","Washington Road, Worcester Park KT4",3 beds,1 bath,2 receptions,NA
"£2,500 pcm","Caxton Street North, London E16",2 beds,2 baths,1 reception,NA
"£12,000 pcm","Brampton Grove, London NW4",9 beds,5 baths,5 receptions,NA
"£1,750 pcm","Scarborough Road, London N4",1 bed,1 bath,NA,NA
"£1,500 pcm","Lithos Mansions, Finchley Road, London NW3",1 bath,1 reception,NA,NA
"£1,712 pcm","Castletown Road, West Kensington W14",1 bed,1 bath,1 reception,NA
"£5,000 pcm","Somerset Road, London SW19",5 beds,1 bath,NA,NA
"£1,153 pcm","Olive Road, Cricklewood NW2",1 bath,1 reception,NA,NA
"£2,999 pcm","Dynham Road, West Hampstead NW6",3 beds,2 baths,1 reception,NA
"£3,650 pcm","Daleham Mews, Hampstead NW3",2 beds,1 bath,1 reception,837 sq. ft
"£6,283 pcm","Cranley Gardens, London SW7",3 beds,2 baths,1 reception,1497 sq. ft
"£3,400 pcm","Crouch Hill, London N4",5 beds,1 bath,NA,NA
"£2,500 pcm","Laburnum Road, Hayes UB3",3 beds,2 baths,1 reception,NA
"£1,560 pcm","Cheniston Gardens, High Street Kensington W8",1 bath,1 reception,NA,NA
"£2,800 pcm","St. Pancras Way, London NW1",3 beds,1 bath,1 reception,NA
"£1,600 pcm","Charterhouse Square, Clerkenwell EC1M",1 bath,1 reception,NA,NA
"£2,150 pcm","Newington Causeway, London SE1",1 bed,1 bath,1 reception,528 sq. ft
"£1,050 pcm","Dene Close, Outwood Lane, Chipstead, Coulsdon CR5",2 beds,1 bath,1 reception,NA
"£3,900 pcm","Westbourne Terrace, London W2",3 beds,1 bath,1 reception,NA
"£4,550 pcm","Pelham Court, 145 Fulham Road, South Kensington, London SW3",2 beds,2 baths,1 reception,NA
"£1,800 pcm","Swanton Court, Jerrard Street SE13",2 beds,1 bath,1 reception,NA
"£2,383 pcm","Holland Road, Kensington W14",2 beds,2 baths,1 reception,NA
"£2,000 pcm","Parkmore Close, Woodford Green IG8",2 beds,1 bath,1 reception,NA
"£2,895 pcm","Spring Grove Road, Hounslow TW3",5 beds,3 baths,1 reception,NA
"£4,000 pcm","St. Ann's Hill, Wandsworth SW18",4 beds,2 baths,1 reception,NA
"£1,200 pcm","Bovis House, Northolt Road, Harrow HA2",1 bath,1 reception,NA,NA
"£1,550 pcm","Brook Lodge, North Circular Road, Golders Green NW11",1 bed,1 bath,1 reception,NA
"£2,350 pcm","Commercial Street, Shoreditch E1",1 bed,1 bath,1 reception,NA
"£1,850 pcm","Marlyn Lodge, Portsoken Street E1",1 bed,1 bath,NA,NA
"£5,200 pcm","Manor House, Marylebone Road NW1",3 beds,2 baths,2 receptions,NA
"£8,750 pcm","Queensmead, St. John's Wood Park NW8",5 beds,3 baths,2 receptions,NA
"£2,450 pcm","Commercial Street, London E1",1 bed,2 baths,642 sq. ft,NA
"£1,450 pcm","Thurza Court, College Road TW7",1 bed,1 bath,1 reception,NA
"£1,425 pcm","Braybourne Drive, Isleworth TW7",1 bed,1 bath,NA,NA
"£3,000 pcm","Southbury, 144 Loudoun Road, St Johns Wood, London NW8",3 beds,2 baths,1 reception,1248 sq. ft
"£2,200 pcm","Knight House, 22 Scott Avenue SW15",1 bed,1 bath,NA,NA
"£2,750 pcm","Danemere Street, West Putney SW15",3 beds,2 baths,1 reception,NA
"£3,467 pcm","St Mary Abbots Court, Warwick Gardens, Kensington W14",2 beds,2 baths,1 reception,NA
"£1,750 pcm","St. Andrews Road, Acton W3",1 bed,1 bath,1 reception,NA
"£4,800 pcm","Windsor Road, London E7",5 beds,3 baths,2 receptions,NA
"£1,500 pcm","Dandi Brondesbury, Willesden Green, London NW2",1 bath,NA,NA,NA
"£1,250 pcm","Wooldridge Close, Feltham TW14",1 bed,1 bath,1 reception,NA
"£1,690 pcm","Lexham Gardens, Kensington W8",1 bath,NA,NA,NA
"£2,491 pcm","80 Back Church Lane, Twyne House Apartments, London E1",1 bed,1 bath,1 reception,NA
"£3,250 pcm","Coningham Road, Shepherd's Bush, London W12",2 beds,1 bath,1 reception,530 sq. ft
"£4,352 pcm","St. George Wharf, Nine Elms, London SW8",1 bed,1 bath,624 sq. ft,NA
"£15,578 pcm","Arkwright Road, Hampstead NW3",4 beds,4 baths,2 receptions,2225 sq. ft
"£4,312 pcm","Edgware Road, London W2",1 bed,1 bath,559 sq. ft,NA
"£4,995 pcm","Brackenbury Road, London W6",5 beds,3 baths,2 receptions,NA
"£4,000 pcm","Ilchester Court, High Street Kensington, London W8",2 beds,2 baths,1 reception,925 sq. ft
"£2,400 pcm","Coningham Road, Shepherd's Bush, London W12",2 beds,1 bath,1 reception,530 sq. ft
"£3,250 pcm","Windmill Close, Bermondsey, London SE1",3 beds,2 baths,1 reception,977 sq. ft
"£3,950 pcm","Claylands Road, Oval, London SW8",3 beds,1 bath,1 reception,1179 sq. ft
"£1,690 pcm","Palace Court, Bayswater / Notting Hill W2",1 bath,NA,NA,NA
"£2,600 pcm","Southcroft Road, Furzedown, London SW16",3 beds,1 bath,1 reception,1009 sq. ft
"£4,117 pcm","Southcroft Road, Furzedown, London SW16",3 beds,1 bath,1 reception,1009 sq. ft
"£13,000 pcm","Cheyne Walk, Chelsea, London SW10",2 beds,2 baths,1 reception,1460 sq. ft
"£5,850 pcm","Tale House, Bloomsbury, London WC1N",2 beds,1 bath,2 receptions,1107 sq. ft
"£2,500 pcm","Regalia Point, 30 Palmers Road, London E2",2 beds,2 baths,1 reception,NA
"£2,600 pcm","Bollo Bridge Road, Acton, London W3",2 beds,2 baths,1 reception,815 sq. ft
"£2,400 pcm","Queenstown Road, Battersea Park, London SW11",1 bed,1 bath,1 reception,468 sq. ft
"£3,400 pcm","Harbour Reach, Imperial Wharf, London SW6",2 beds,2 baths,1 reception,926 sq. ft
"£3,142 pcm","St George's Drive, Pimlico, London SW1V",1 bed,1 bath,1 reception,515 sq. ft
"£2,275 pcm","St George's Drive, Pimlico, London SW1V",1 bed,1 bath,1 reception,515 sq. ft
"£2,817 pcm","Buckingham Gate, Westminster, London SW1E",1 bath,173 sq. ft,NA,NA
"£2,975 pcm","Walcott Street, Westminster, London SW1P",2 beds,1 bath,1 reception,741 sq. ft
"£1,300 pcm","London Road, Thornton Heath CR7",1 bed,1 bath,1 reception,NA
"£3,684 pcm","Walcott Street, Westminster, London SW1P",2 beds,1 bath,1 reception,741 sq. ft
"£1,500 pcm","Buckingham Gate, Westminster, London SW1E",1 bath,173 sq. ft,NA,NA
"£16,034 pcm","Duke Street, Mayfair, London W1K",2 beds,1282 sq. ft,NA,NA
"£2,250 pcm","Pinner Road, Pinner HA5",3 beds,1 bath,2 receptions,1206 sq. ft
"£9,967 pcm","Somerset Court, 79-81 Lexham Gardens, Kensington, London W8",4 beds,5 baths,1 reception,NA
"£1,800 pcm","Tyssen Street, Dalston, London E8",1 bath,1 reception,603 sq. ft,NA
"£2,579 pcm","St Dunstans Road, Barons Court, London W6",2 beds,1 bath,1 reception,362 sq. ft
"£8,000 pcm","Chesilton Road, London SW6",7 beds,4 baths,1 reception,NA
"£2,575 pcm","Queensland Road, Islington, London N7",2 beds,2 baths,743 sq. ft,NA
"£3,727 pcm","Park Road, London NW8",2 beds,1 bath,1 reception,NA
"£5,000 pcm","Harbour Reach, Imperial Wharf, London SW6",2 beds,2 baths,1 reception,926 sq. ft
"£2,384 pcm","Praed Street, Paddington, London W2",2 beds,1 bath,1 reception,591 sq. ft
"£1,950 pcm","Acton House, Horn Lane, London W3",2 beds,1 bath,1 reception,NA
"£4,695 pcm","Grove End Road, St Johns Wood NW8",2 beds,2 baths,1 reception,NA
"£1,800 pcm","Eversleigh Road, Finchley N3",2 beds,1 bath,1 reception,NA
"£1,252 pcm","Olive Road, Cricklewood NW2",1 bath,1 reception,NA,NA
"£2,800 pcm","Frimley Gardens, Mitcham CR4",1 bed,1 bath,NA,NA
"£1,650 pcm","Fife Terrace, London N1",1 bath,1 reception,NA,NA
"£1,755 pcm","Westwick Gardens, London W14",1 bed,1 bath,1 reception,NA
"£1,850 pcm","Choumert Road, London SE15",1 bed,NA,NA,NA
"£3,200 pcm","Alderbrook Road, London SW12",3 beds,1 bath,NA,NA
"£2,750 pcm","Richmond Road, London Fields E8",3 beds,1 bath,1 reception,925 sq. ft
"£3,250 pcm","Benyon Wharf, 295 Kingsland Road, London E8",2 beds,1 bath,1 reception,NA
"£1,900 pcm","Lawrence Road, London N15",1 bed,1 bath,1 reception,NA
"£2,500 pcm","Boston House, Olympic Way, Wembley HA9",3 beds,1 bath,1 reception,NA
"£2,900 pcm","Porchester Place, London W2",2 beds,1 bath,NA,NA
"£1,750 pcm","Boulevard Drive, Colindale NW9",1 bed,1 bath,1 reception,NA
"£2,297 pcm","Hartham Road, London N7",2 beds,1 bath,1 reception,NA
"£3,140 pcm","Shoreditch, London EC2A",1 bed,1 bath,505 sq. ft,NA
"£3,500 pcm","Epple Road, London SW6",3 beds,2 baths,1 reception,NA
"£2,500 pcm","Brook Street, Kingston Upon Thames KT1",2 beds,2 baths,1 reception,NA
"£1,550 pcm","Wandsworth Road, Nine Elms SW8",1 bed,1 bath,1 reception,NA
"£1,800 pcm","Fortess Road, London NW5",1 bed,1 bath,1 reception,679 sq. ft
"£2,500 pcm","Boston House, Olympic Way, Wembley HA9",3 beds,1 bath,1 reception,NA
"£1,725 pcm","Quill House, 1 Plowden Road, Kidbrooke SE3",1 bed,1 bath,1 reception,NA
"£2,650 pcm","3 Merino Gardens, London Dock E1W",1 bed,1 bath,1 reception,452 sq. ft
"£3,467 pcm","Grices Wharf Apartments, Rotherhithe Street, London, Greater London SE16",2 beds,NA,NA,NA
"£1,603 pcm","Sedgemoor Place, London SE5",1 bed,1 bath,1 reception,NA
"£1,800 pcm","Fortess Road, London NW5",1 bed,1 bath,1 reception,679 sq. ft
"£2,500 pcm","Boston House, Olympic Way, Wembley HA9",3 beds,1 bath,1 reception,NA
"£1,725 pcm","Quill House, 1 Plowden Road, Kidbrooke SE3",1 bed,1 bath,1 reception,NA
"£2,967 pcm","Ashley Road, London N17",3 beds,2 baths,969 sq. ft,NA
"£1,998 pcm","Maud Street, London E16",1 bed,1 bath,1 reception,NA
"£1,550 pcm","Lawrence Road, London N15",2 beds,1 bath,NA,NA
"£1,900 pcm","Eaton Road, Sutton SM2",2 beds,1 bath,1 reception,NA
"£2,650 pcm","Radipole Road, Parsons Green SW6",2 beds,1 bath,1 reception,NA
"£1,150 pcm","Cullington Close, Harrow HA3",1 bed,1 bath,1 reception,NA
"£2,000 pcm","Cunningham Park, Harrow HA1",1 bed,1 bath,1 reception,NA
"£2,145 pcm","Westminster Bridge Road, Waterloo SE1",1 bed,1 bath,507 sq. ft,NA
"£1,300 pcm","Claremont Street, London N18",2 beds,1 bath,1 reception,NA
"£2,705 pcm","Dolphin Square, London SW1V",3 beds,3 baths,1 reception,NA
"£3,142 pcm","South Lodge, Circus Road, St John's Wood, London NW8",1 bed,1 bath,1 reception,NA
"£13,000 pcm","Burton Court, Franklins Row SW3",1 bath,NA,NA,NA
"£1,700 pcm","Prince Of Wales Terrace, Turnham Green W4",2 beds,1 bath,NA,NA
"£1,475 pcm","The Delamarre, Brent Cross Town, 8 Ribbon Lane, Cricklewood NW2",2 beds,2 baths,1 reception,NA
"£2,400 pcm","Newington Causeway, London SE1",1 bed,1 bath,1 reception,431 sq. ft
"£4,200 pcm","Canalside Walk, Paddington W2",2 beds,1 bath,1 reception,807 sq. ft
"£1,751 pcm","Cooper Road, Dollis Hill NW10",1 bed,2 baths,1 reception,1668 sq. ft
"£2,347 pcm","Ashley Road, London N17",1 bed,1 bath,1 reception,NA
"£2,000 pcm","Mayfields, Wembley HA9",1 bed,1 bath,1 reception,NA
"£1,375 pcm","High Road, London N20",3 beds,2 baths,1 reception,NA
"£1,600 pcm","Holcombe Mansions, 3 Mulberry Circus IG11",1 bed,1 bath,1 reception,668 sq. ft
"£3,000 pcm","Colorama Building, London SE1",2 beds,2 baths,NA,NA
"£2,383 pcm","Elm Park Mansions, Park Walk SW10",1 bed,1 bath,1 reception,NA
"£2,095 pcm","Avington Court, Old Kent Road, Bermondsy, London SE1",3 beds,2 baths,1 reception,NA
"£1,890 pcm","Crouch Hill Mansions, 143 Crouch Hill, Crouch End N8",2 beds,1 bath,1 reception,581 sq. ft
"£1,750 pcm","Mandela Street, London SW9",1 bed,1 bath,1 reception,NA
"£13,000 pcm","Gunter Grove, Chelsea, London SW10",3 beds,2 baths,1 reception,NA
"£1,600 pcm","Deer Park Gardens, Mitcham CR4",2 beds,1 bath,NA,NA
"£2,167 pcm","Cartwright Gardens, London WC1H",1 bath,NA,NA,NA
"£4,000 pcm","Ability Place, Canary Wharf E14",2 beds,2 baths,1 reception,NA
"£3,600 pcm","Hertsmere Road, Canary Wharf E14",2 beds,2 baths,1 reception,NA
"£3,500 pcm","Ability Place, Millharbour E14",2 beds,2 baths,1 reception,NA
"£2,000 pcm","Alderney Court, 70 Trafalgar Road SE10",2 beds,1 bath,1 reception,NA
"£1,395 pcm","Bedford Avenue, Hayes UB4",1 bed,1 bath,1 reception,NA
"£2,000 pcm","Chalklands, Wembley HA9",2 beds,1 bath,1 reception,NA
"£1,395 pcm","Avington Court, Old Kent Road, Bermondsy, London SE1",1 bed,1 bath,1 reception,NA
"£1,650 pcm","Durnsford Road, London SW19",1 bed,1 bath,NA,NA
£975 pcm,"Lancing Road, Ilford IG2",1 bath,NA,NA,NA
"£2,080 pcm","Ashley Road, London N17",1 bed,1 bath,1 reception,549 sq. ft
"£1,950 pcm","Fetter Lane, London EC4A",1 bed,1 bath,1 reception,NA
"£2,643 pcm","The Spur, 32 Cock Lane, London EC1A",2 beds,2 baths,1 reception,NA
"£1,400 pcm","Flat E, 163 Streatham High Road, Streatham SW16",1 bed,1 bath,1 reception,NA
"£1,750 pcm","Woodlands Park Road, London N15",2 beds,1 bath,1 reception,NA
"£1,400 pcm","Ledbury Place, Croydon CR0",1 bed,1 bath,NA,NA
"£1,750 pcm","Birdhurst Road, South Croydon, Surrey CR2",2 beds,1 bath,1 reception,NA
"£7,583 pcm","Fulham Road, London SW10",4 beds,3 baths,2 receptions,1999 sq. ft
"£3,550 pcm","South Bank Tower, 55 Upper Ground SE1",1 bed,2 baths,1 reception,NA
"£1,200 pcm","Nottingham Road, South Croydon CR2",1 bath,NA,NA,NA
"£10,834 pcm","Green Street, Mayfair, London W1K",2 beds,2 baths,1 reception,953 sq. ft
"£2,578 pcm","Philbeach Gardens, London SW5",1 bed,1 bath,1 reception,647 sq. ft
"£1,425 pcm","St. Albans Crescent, London N22",1 bath,1 reception,NA,NA
"£1,800 pcm","Calverley Crescent, Dagenham RM10",2 beds,1 bath,2 receptions,NA
"£2,400 pcm","St. Albans Avenue, Chiswick, London W4",2 beds,1 bath,1 reception,NA
"£1,700 pcm","Seager Place, London SE8",1 bed,1 bath,1 reception,480 sq. ft
"£1,900 pcm","Chatsworth Road, Hackney E5",1 bed,1 bath,1 reception,NA
"£2,300 pcm","Sevington Street, London W9",2 beds,2 baths,1 reception,NA
"£2,700 pcm","Lower Richmond Road, London SW15",2 beds,1 bath,1 reception,NA
"£3,000 pcm","Fentiman Road, London SW8",3 beds,2 baths,1 reception,NA
"£1,850 pcm","Abbey Road, London NW6",1 bed,1 bath,1 reception,NA
£900 pcm,"Hughan Road, London E15",1 bed,1 bath,NA,NA
"£1,475 pcm","Sheridan Road, Manor Park, Eastham E12, E7, E6, E13, E11, E10, In,",1 bed,1 bath,1 reception,NA
"£5,417 pcm","Craven Hill, Bayswater, London W2",3 beds,2 baths,1 reception,1174 sq. ft
"£6,990 pcm","Haliburton Road, Twickenham TW1",3 beds,2 baths,1 reception,NA
"£1,550 pcm","Ashurst Close, London SE20",2 beds,NA,NA,NA
"£2,167 pcm","Cartwright Gardens, London WC1H",1 bath,NA,NA,NA
"£3,900 pcm","Savoy House, Chelsea Creek, Imperial Wharf SW6",2 beds,2 baths,1 reception,846 sq. ft
"£1,945 pcm","Gayton House, Chiltern Road, London E3",2 beds,1 bath,1 reception,700 sq. ft
"£1,200 pcm","Turnpike Lane, Hornsey N8",1 bath,1 reception,NA,NA
"£3,500 pcm","Principal Tower, Shoreditch EC2A",1 bed,1 bath,1 reception,NA
"£1,250 pcm","Staines Road, Hounslow TW3",1 bath,1 reception,NA,NA
"£1,250 pcm","High Street, London SE25",1 bed,1 bath,1 reception,280 sq. ft
"£4,225 pcm","Lexham Gardens, Kensington, London W8",2 beds,1 bath,1 reception,596 sq. ft
"£7,800 pcm","Kensington High Street, Kensington, London W8",2 beds,2 baths,1 reception,647 sq. ft
"£5,525 pcm","Queens Gate, South Kensington, London SW7",1 bed,1 bath,1 reception,674 sq. ft
"£3,900 pcm","Old Brompton Road, South Kensington, London SW7",2 beds,2 baths,1 reception,1016 sq. ft
"£6,934 pcm","Old Brompton Road, South Kensington, London SW7",2 beds,2 baths,1 reception,1016 sq. ft
"£1,928 pcm","Agar Grove, Camden NW1",1 bed,1 bath,1 reception,549 sq. ft
"£2,925 pcm","Hill Street, London W1J",1 bed,1 bath,1 reception,441 sq. ft
"£2,492 pcm","Gasholder Place, London SE11",1 bath,1 reception,NA,NA
"£3,684 pcm","Blandford Street, Marylebone, London W1U",1 bed,1 bath,1 reception,478 sq. ft
"£1,825 pcm","Cervantes Court, Northwood HA6",2 beds,1 bath,1 reception,NA
"£1,750 pcm","Finchley Road, London NW11",2 beds,2 baths,1 reception,NA
"£1,600 pcm","Wricklemarsh Road, London SE3",1 bed,1 bath,1 reception,NA
"£3,683 pcm","Farley Court, Allsop Place, London NW1",2 beds,1 bath,1 reception,NA
"£1,409 pcm","St Stephens Gardens, Notting Hill, London W2",1 bath,1 reception,188 sq. ft,NA
"£1,300 pcm","Kingshill Drive, Harrow HA3",2 beds,2 baths,1 reception,NA
"£3,250 pcm","Ludgate Hill, London EC4M",1 bed,1 bath,1 reception,409 sq. ft
"£1,560 pcm","Addison Bridge Place, Olympia, London W14",1 bed,1 reception,NA,NA
"£1,700 pcm","Aerial Square, London NW9",1 bed,1 bath,1 reception,NA
"£1,300 pcm","Braybourne Close, Uxbridge, Middlesex UB8",3 beds,1 reception,NA,NA
"£3,000 pcm","Kilburn Park Rd, London NW6",1 bed,1 bath,1 reception,NA
"£5,005 pcm","Grosvenor Hill, Mayfair, London W1K",2 beds,2 receptions,NA,NA
"£2,335 pcm","Aerial Square, London NW9",1 bed,1 reception,NA,NA
"£2,525 pcm","Southwark, 4Fe, UK SE11",3 beds,3 receptions,NA,NA
"£3,305 pcm","Aerial Square, London NW9",1 bed,1 reception,NA,NA
"£1,800 pcm","Aerial Square, London NW9",1 bed,1 reception,NA,NA
"£1,820 pcm","Camden, 1Bb, UK NW6",2 beds,2 receptions,NA,NA
"£2,925 pcm","Southwark, 4Fe, UK SE11",1 bed,1 reception,NA,NA
"£1,290 pcm","Courland Grove, London SW8",3 beds,3 receptions,NA,NA
"£2,721 pcm","Park Lane, Wembley HA9",2 beds,2 baths,1 reception,1226 sq. ft
"£5,634 pcm","Wandsworth Bridge Road, South Park, London SW6",2 beds,2 receptions,NA,NA
"£2,078 pcm","Park Lane, Wembley HA9",1 bed,1 reception,NA,NA
"£1,565 pcm","Ealing, 4Au, UK UB2",2 beds,2 receptions,NA,NA
"£1,800 pcm","Mare Street, Hackney, London E8",1 bed,1 bath,1 reception,351 sq. ft
"£24,999 pcm","Albion Street, London W2",4 beds,3 baths,3 receptions,NA
"£4,312 pcm","Edgware Road, London W2",1 bed,1 bath,1 reception,NA
"£1,845 pcm","Park Lane, Wembley HA9",1 bed,1 reception,NA,NA
"£1,910 pcm","Camden, 1Bb, UK NW6",1 bed,1 reception,NA,NA
"£1,910 pcm","Camden, 1Bb, UK NW6",1 bed,1 reception,NA,NA
"£1,950 pcm","Camden, 1Bb, UK NW6",1 bed,1 reception,NA,NA
"£2,800 pcm","Westminster, 5Qt, UK W2",1 bed,1 reception,NA,NA
"£1,350 pcm","Queens Drive, London N4",1 bed,1 reception,NA,NA
"£1,350 pcm","Red Lion Court, Alexandra Road, Hounslow TW3",1 bed,1 reception,NA,NA
"£4,450 pcm","New Cross Road, London SE14",4 beds,1 bath,1 reception,NA
"£1,625 pcm","Red Lion Court, Alexandra Road, Hounslow TW3",1 bed,1 reception,NA,NA
"£2,900 pcm","Westminster, 5Qt, UK W2",1 bed,1 reception,NA,NA
"£2,200 pcm","Wotton Court, Woolwich, London SE18",2 beds,830 sq. ft,NA,NA
"£1,350 pcm","Tilley Road, Feltham TW13",1 bed,1 bath,1 reception,NA
"£2,200 pcm","Westminster, 5Qt, UK W2",1 bed,1 reception,NA,NA
"£1,400 pcm","Queens Drive, London N4",1 bed,1 reception,NA,NA
"£1,450 pcm","Pilgrims Close, London N13",1 bed,1 bath,1 reception,NA
"£1,590 pcm","Camden, 1Bb, UK NW6",1 bed,1 reception,NA,NA
"£1,525 pcm","Red Lion Court, Alexandra Road, Hounslow TW3",1 bed,1 reception,NA,NA
"£1,998 pcm","Pioneer Market, Winston Way, Ilford IG1",2 beds,2 receptions,NA,NA
"£1,550 pcm","Pioneer Market, Winston Way, Ilford IG1",1 bed,1 reception,NA,NA
"£1,500 pcm","Swanton Court, Jerrard Street SE13",1 bed,1 bath,1 reception,NA
"£1,350 pcm","Leigh Hunt Drive, Southgate N14",1 bed,1 bath,1 reception,NA
"£1,800 pcm","Westmore Court, Carlton Drive, London SW15",1 bed,1 bath,1 reception,NA
"£2,350 pcm","Balham Hill, London SW12",1 bed,1 bath,1 reception,NA
"£2,000 pcm","Heritage Avenue, Colindale NW9",2 beds,2 baths,1 reception,NA
"£2,750 pcm","Bina Gardens, South Kensington, London SW5",1 bed,1 bath,1 reception,NA
"£15,167 pcm","Prince Of Wales Terrace, Kensington W8",2 beds,3 baths,1 reception,897 sq. ft
"£2,500 pcm","Wolff House, Ridgeway Views, London NW7, London,",2 beds,2 baths,1 reception,800 sq. ft
"£4,415 pcm","New Lion Way, London SE17",3 beds,3 baths,1038 sq. ft,NA
"£4,814 pcm","Grosvenor Hill, London W1K",1 bed,1 bath,NA,NA
"£3,250 pcm","Michael Road, London SW6",1 bed,NA,NA,NA
"£2,695 pcm","Ballards Lane, North Finchley N12",4 beds,1 bath,1 reception,NA
"£2,700 pcm","Birling Road, Erith DA8",5 beds,1 bath,1 reception,NA
"£2,500 pcm","High Street, Hornsey N8",3 beds,2 baths,1 reception,NA
"£2,800 pcm","Crosby Road, Forest Gate E7",4 beds,2 baths,2 receptions,1206 sq. ft
"£1,699 pcm","The Grove, London W5",1 bed,1 bath,1 reception,500 sq. ft
"£5,893 pcm","Young Street, London W8",2 beds,1 bath,1 reception,NA
"£1,577 pcm","Bromfelde Road, London SW4",1 bed,1 bath,1 reception,NA
"£3,000 pcm","Panoramic Tower, Currie Street, London E14",3 beds,2 baths,1 reception,NA
"£2,200 pcm","White Horse Road, London E1",2 beds,1 bath,1 reception,NA
"£2,800 pcm","Hamlet Gardens, London W6",2 beds,NA,NA,NA
"£3,750 pcm","Lincoln Plaza, London E14",2 beds,NA,NA,NA
"£1,750 pcm","Belsize Grove, London NW3",1 bath,1 reception,NA,NA
"£2,000 pcm","38 Milestone House, Old Kent Road SE1",2 beds,1 bath,1 reception,NA
"£2,350 pcm","Richmond Hill, Richmond TW10",3 beds,1 bath,1 reception,NA
"£1,850 pcm","Greenford Road, Greenford UB6",2 beds,2 baths,1 reception,NA
"£1,625 pcm","Charing Cross Road, London WC2H",1 bath,1 reception,172 sq. ft,NA
"£1,495 pcm","Canfield Gardens, London NW6",1 bed,1 bath,1 reception,NA
"£1,400 pcm","Anson Road, Cricklewood, London NW2",2 beds,2 baths,1 reception,NA
"£3,500 pcm","Brent House, 50 Wandsworth Road, London SW8",1 bed,1 bath,NA,NA
"£1,310 pcm","Finchley Road, London NW11",1 bed,2 baths,NA,NA
£710 pcm,"High Road, London NW10",1 bed,2 baths,NA,NA
£730 pcm,"High Road, London NW10",1 bed,2 baths,NA,NA
"£1,928 pcm","Agar Grove, Camden NW1",1 bed,1 bath,1 reception,549 sq. ft
"£4,100 pcm","Harlech Road, London N14",4 beds,2 baths,NA,NA
"£8,000 pcm","Millbank, Westminster SW1P",3 beds,2 baths,1 reception,NA
"£3,250 pcm","Pembroke Road, London W8",2 beds,2 baths,1 reception,NA
"£1,900 pcm","Madeley Road, Ealing W5",2 beds,1 bath,1 reception,NA
"£1,800 pcm","Bloomsbury Close, London, Ealing W5",2 beds,1 bath,1 reception,NA
"£2,400 pcm","Sumner Road, London SE15",2 beds,2 baths,1 reception,NA
"£1,700 pcm","Park Grove Road, Near Leytonstone High Road, Leytonstone, E10 E11",2 beds,1 bath,1 reception,NA
"£2,300 pcm","Barfield Avenue, Whetstone N20",3 beds,1 bath,2 receptions,NA
"£2,150 pcm","Grove Street, London SE8",2 beds,2 baths,1 reception,NA
"£3,250 pcm","Courtlands Richmond, Richmond TW10",2 beds,2 baths,1 reception,NA
"£1,750 pcm","Richmond Road, East Twickenham TW1",1 bed,1 bath,1 reception,NA
"£2,300 pcm","Hendon Lane, Finchley N3",2 beds,1 bath,1 reception,NA
"£2,900 pcm","Hamlet Gardens, London W6",1 bed,NA,NA,NA
"£2,097 pcm","Castlebar Road, London W5",2 beds,1 bath,1 reception,NA
"£1,900 pcm","Madeley Road, London W5",1 bed,1 bath,1 reception,NA
"£1,950 pcm","Windsor Road, London W5",2 beds,1 bath,1 reception,NA
"£1,800 pcm","Aspect House, 521 Manchester Road, London E14",1 bed,1 bath,1 reception,NA
"£1,000 pcm","Farnham Close, London N20",1 bed,1 bath,1 reception,NA
"£1,350 pcm","Cleave Avenue, Orpington, Kent BR6",2 beds,1 bath,1 reception,NA
"£1,800 pcm","Teddington Park, Teddington TW11",2 beds,1 bath,1 reception,NA
"£1,995 pcm","Whitton Avenue West, Greenford UB6",3 beds,1 bath,2 receptions,NA
"£6,283 pcm","Cranley Gardens, Chelsea, London SW7",3 beds,2 baths,1 reception,NA
"£1,900 pcm","Kotecha House, Pinner Road, Harrow HA1",2 beds,1 bath,1 reception,NA
"£5,500 pcm","Bath Road, Hounslow TW5",7 beds,4 baths,1 reception,NA
"£2,760 pcm","Earls Court, London SW5",1 bath,297 sq. ft,NA,NA
"£3,140 pcm","City Of London, London EC1Y",2 beds,2 baths,570 sq. ft,NA
"£3,480 pcm","Vauxhall, London SW8",2 beds,2 baths,767 sq. ft,NA
"£2,950 pcm","Richmond Road, Hackney, London E8",3 beds,1 bath,1 reception,948 sq. ft
"£6,998 pcm","Kings Tower, Chelsea Creek, London SW6",3 beds,3 baths,1 reception,NA
"£5,750 pcm","Pavilion Apartments, 34 St Johns Wood Road, St Johns Wood, London NW8",2 beds,2 baths,1 reception,1252 sq. ft
"£2,890 pcm","Shoreditch, London E2",1 bed,1 bath,537 sq. ft,NA
"£3,560 pcm","South Kensington, London SW7",2 beds,2 baths,678 sq. ft,NA
"£2,290 pcm","Queens Park, London W10",1 bed,1 bath,592 sq. ft,NA
"£3,930 pcm","Clerkenwell, London EC1V",2 beds,1 bath,680 sq. ft,NA
"£2,610 pcm","Kensington, London W14",1 bath,335 sq. ft,NA,NA
"£3,830 pcm","Waterloo, London SE1",2 beds,2 baths,590 sq. ft,NA
"£4,670 pcm","St. John's Wood, London NW8",2 beds,2 baths,852 sq. ft,NA
"£2,060 pcm","Camden Town, London NW1",1 bath,323 sq. ft,NA,NA
"£3,570 pcm","Bayswater, London W2",2 beds,1 bath,585 sq. ft,NA
"£3,900 pcm","Parkland Walk, London SW6",2 beds,2 baths,1 reception,NA
"£2,920 pcm","Hammersmith, London W6",1 bed,1 bath,589 sq. ft,NA
"£4,160 pcm","Southwark, London SE1",2 beds,2 baths,1048 sq. ft,NA
"£2,740 pcm","Marylebone, London W1H",1 bath,260 sq. ft,NA,NA
"£6,002 pcm","Sussex Gardens, London W2",3 beds,2 baths,2 receptions,NA
"£1,447 pcm","Kennington Road, London SE11",1 bath,1 reception,NA,NA
"£3,200 pcm","Neville Road, Croydon CR0",2 beds,1 bath,1 reception,NA
"£3,500 pcm","Commercial Street, Spitalfields, London E1",2 beds,2 baths,1 reception,1060 sq. ft
"£2,800 pcm","UNCLE Wembley, Park Lane, Wembley HA9",3 beds,2 baths,1 reception,NA
"£3,400 pcm","Carrara Tower, Bollinder Place, London EC1V",2 beds,1 bath,1 reception,729 sq. ft
"£2,700 pcm","Hamlet Gardens, London W6",1 bed,NA,NA,NA
"£3,600 pcm","Windsor Square, Woolwich, London SE18",3 beds,2 baths,1 reception,1087 sq. ft
"£18,417 pcm","Ladbroke Gardens, London W11",2 beds,2 baths,1 reception,1406 sq. ft
"£3,250 pcm","1 New Union Square, London SW11",1 bed,1 bath,419 sq. ft,NA
"£2,850 pcm","New Union Square, London SW11",1 bed,1 bath,419 sq. ft,NA
"£5,000 pcm","Atherton Street, London SW11",4 beds,2 baths,2 receptions,NA
"£2,925 pcm","St. John's Grove, London N19",3 beds,1 bath,1 reception,NA
"£5,460 pcm","Grosvenor Hill, London W1K",1 bed,2 baths,1 reception,NA
"£4,008 pcm","Nottingham Place, London W1U",2 beds,1 bath,1 reception,NA
"£2,350 pcm","UNCLE Wembley, Park Lane, Wembley HA9",2 beds,2 baths,1 reception,NA
"£3,000 pcm","Ballards Lane, London N12",3 beds,2 baths,1 reception,NA
"£2,383 pcm","Agar House, Goodluck Hope, London E14",1 bed,1 bath,1 reception,NA
"£1,950 pcm","UNCLE Wembley, Park Lane, Wembley HA9",1 bed,1 bath,1 reception,NA
"£3,200 pcm","Kensington Gardens Square, London W2",1 bed,1 bath,1 reception,NA
"£1,950 pcm","Copenhagen Street, London N1",1 bed,1 bath,1 reception,NA
"£2,500 pcm","Featherstone Street, London EC1Y",1 bed,1 bath,1 reception,NA
"£1,795 pcm","Shrewsbury Walk, Isleworth TW7",2 beds,1 bath,1 reception,NA
"£3,808 pcm","Repton Gardens, Wembley Park HA9",3 beds,2 baths,NA,NA
"£2,169 pcm","Balfron Tower, 6 St Leonards Road, London E14",2 beds,1 bath,1 reception,NA
"£2,400 pcm","Denbigh Street, Pimlico, London SW1V",2 beds,1 bath,1 reception,657 sq. ft
"£1,750 pcm","Barnard Hill, London N10",1 bed,1 bath,1 reception,NA
"£2,169 pcm","St. Leonards Road, London E14",2 beds,1 bath,1 reception,NA
"£2,750 pcm","Candle Street, Mile End, London E1",2 beds,2 baths,738 sq. ft,NA
"£2,275 pcm","Caspian Apartments, Limehouse, London E14",2 beds,1 bath,1 reception,769 sq. ft
"£1,475 pcm","High Street, Ruislip HA4",1 bed,1 bath,1 reception,NA
"£3,879 pcm","Neckinger Estate, Bermondsey, London SE16",2 beds,1 bath,1 reception,620 sq. ft
"£2,700 pcm","Clapham Road, London SW9",2 beds,1 bath,2 receptions,NA
"£1,650 pcm","Riverdale House, 68 Molesworth Street, London SE13",1 bed,1 bath,495 sq. ft,NA
"£1,595 pcm","Tyler Street, London SE10",1 bed,1 bath,1 reception,NA
"£7,900 pcm","Onslow Square, London SW7",4 beds,2 baths,1 reception,NA
"£2,500 pcm","Defoe House, 123 City Island Way, London E14",2 beds,2 baths,1 reception,NA
"£2,480 pcm","Repton Gardens, Wembley Park HA9",1 bed,1 bath,NA,NA
"£1,500 pcm","Court Yard, Eltham, London SE9",2 beds,2 baths,1 reception,NA
"£1,600 pcm","Oaklands Grove, Shepherds Bush W12",1 bed,1 bath,1 reception,NA
"£2,200 pcm","Gayton Road, Harrow On The Hill, Harrow HA1",2 beds,2 baths,1 reception,869 sq. ft
"£1,750 pcm","Bathurst Gardens, Kensal Rise, London NW10",1 bed,1 bath,550 sq. ft,NA
"£1,551 pcm","Fermont House, Beaufort Square NW9",1 bath,1 reception,389 sq. ft,NA
"£3,950 pcm","Canons Drive, Edgware HA8",5 beds,3 baths,4 receptions,2800 sq. ft
"£1,700 pcm","Spring Grove, Mitcham CR4",2 beds,1 bath,1 reception,NA
"£2,500 pcm","Barons Court Road, West Kensington, London W14",2 beds,2 baths,1 reception,1023 sq. ft
"£1,600 pcm","Wellfield Road, Streatham, London SW16",1 bed,1 bath,1 reception,NA
"£4,187 pcm","Repton Gardens, Wembley Park HA9",4 beds,2 baths,NA,NA
"£2,200 pcm","French Apartments, Lansdowne Road, Purley CR8",3 beds,2 baths,NA,NA
"£2,700 pcm","Glebe House, 15 Fitzroy Mews, Fitzrovia, London W1T",2 beds,2 baths,1 reception,NA
"£2,750 pcm","Holland Gardens, Brentford TW8",2 beds,2 baths,1 reception,861 sq. ft
"£1,450 pcm","High Street, Teddington TW11",1 bed,1 bath,1 reception,NA
"£2,817 pcm","Artillery Mansions, Victoria Street, London SW1H",1 bed,1 bath,1 reception,NA
"£1,909 pcm","George Street, Croydon CR0",1 bed,1 bath,NA,NA
"£1,300 pcm","Station Terrace, Kensal Rise, London NW10",1 bath,1 reception,NA,NA
"£1,100 pcm","Tempsford Close, Enfield EN2",1 bath,NA,NA,NA
"£2,200 pcm","Tile Kiln Lane, Bexley DA5",3 beds,2 baths,2 receptions,NA
"£1,499 pcm","Deeley Road, London SW8",1 bath,1 reception,NA,NA
"£2,195 pcm","Chelsea Close, Hampton Hill, Hampton TW12",2 beds,1 bath,1 reception,NA
"£1,645 pcm","George Street, Croydon CR0",1 bed,1 bath,NA,NA
"£2,400 pcm","Dock Meadow Reach, London W7",2 beds,1 bath,1 reception,NA
"£2,600 pcm","Dulwich Road, London SE24",2 beds,1 bath,1 reception,NA
£695 pcm,"Mirror Path, Grove Park, London SE9",1 bed,1 bath,NA,NA
"£2,160 pcm","George Street, Croydon CR0",2 beds,2 baths,NA,NA
"£5,800 pcm","1 Handyside Street, London N1C",3 beds,3 baths,1 reception,1350 sq. ft
"£4,498 pcm","Tamworth Street, London SW6",3 beds,2 baths,1 reception,11302 sq. ft
"£2,600 pcm","Herrick Court, Bollo Bridge Road, London W3",2 beds,2 baths,815 sq. ft,NA
"£1,080 pcm","Anson Road, London NW2",1 bed,NA,NA,NA
"£4,312 pcm","South Wharf Road, London W2",2 beds,2 baths,1 reception,NA
"£2,200 pcm","Goodluck Hope Walk, Canning Town E14",1 bed,1 bath,1 reception,NA
"£4,767 pcm","Lexham Gardens, Kensington W8",2 beds,2 baths,1 reception,779 sq. ft
"£6,000 pcm","Fairholm, London N3",6 beds,3 baths,NA,NA
"£2,440 pcm","George Street, Croydon CR0",2 beds,2 baths,NA,NA
"£6,000 pcm","Fairholme Gardens, Finchley, London N3",6 beds,2 baths,3 receptions,NA
"£2,925 pcm","Edith Grove, London SW10",2 beds,1 bath,NA,NA
"£4,225 pcm","De Vere Gardens, London W8",3 beds,1 bath,2 receptions,NA
"£3,000 pcm","South Lambeth Road, London SW8",2 beds,2 baths,1 reception,1000 sq. ft
"£1,250 pcm","North Circular Road, London N13",1 bath,NA,NA,NA
"£1,519 pcm","George Street, Croydon CR0",1 bed,1 bath,NA,NA
"£1,799 pcm","George Street, Croydon CR0",1 bed,1 bath,NA,NA
"£2,250 pcm","George Street, Croydon CR0",2 beds,2 baths,NA,NA
"£1,909 pcm","George Street, Croydon CR0",1 bed,1 bath,NA,NA
"£3,625 pcm","Ostro Tower, Canary Wharf E14",2 beds,1 bath,NA,NA
"£2,400 pcm","Roberts Road, London E17",3 beds,2 baths,NA,NA
"£4,326 pcm","Sirocco Tower, Canary Wharf E14",3 beds,2 baths,NA,NA
"£2,800 pcm","Lord Kensington House, London W14",1 bed,1 bath,NA,NA
"£3,500 pcm","Commerell Street, London, London SE10",2 beds,2 baths,NA,NA
"£2,635 pcm","Ostro Tower, Canary Wharf E14",1 bed,1 bath,NA,NA
"£1,915 pcm","Greenford Quay, Greenford UB6",1 bed,1 bath,NA,NA
"£2,198 pcm","Greenford Quay, Greenford UB6",2 beds,2 baths,NA,NA
"£1,550 pcm","Sheldrake Close, London E16",1 bed,1 bath,1 reception,2 sq. ft
"£2,693 pcm","Greenford Quay, Greenford UB6",3 beds,2 baths,NA,NA
"£1,900 pcm","Station Road, Cuffley, Potters Bar EN6",2 beds,2 baths,1 reception,NA
"£1,750 pcm","Wem Tower, Wembley HA9",1 bed,1 bath,NA,NA
"£2,315 pcm","Alameda, Wembley Park HA9",1 bed,1 bath,NA,NA
"£3,409 pcm","Ferrum, Wembley Park HA9",3 beds,2 baths,NA,NA
"£2,100 pcm","Rainham Road, London NW10",2 beds,1 bath,1 reception,NA
"£4,000 pcm","Victor Road, Kensal Green, London NW10",4 beds,2 baths,2 receptions,1750 sq. ft
"£2,500 pcm","Josephine House, Oberman Road, Dollis Hill NW10",2 beds,2 baths,1 reception,538 sq. ft
"£3,409 pcm","Ferrum, Wembley Park HA9",3 beds,2 baths,NA,NA
"£2,630 pcm","Ferrum, Wembley Park HA9",2 beds,2 baths,NA,NA
"£2,900 pcm","Canada Gardens, Wembley HA9",2 beds,2 baths,NA,NA
"£1,420 pcm","College Road, Croydon CR0",1 bed,1 bath,NA,NA
"£1,819 pcm","College Road, Croydon CR0",1 bed,1 bath,NA,NA
"£2,800 pcm","Strasburg Road, London SW11",3 beds,2 baths,1 reception,NA
"£1,466 pcm","College Road, Croydon CR0",1 bath,NA,NA,NA
"£1,273 pcm","College Road, Croydon CR0",1 bath,NA,NA,NA
"£1,585 pcm","College Road, Croydon CR0",1 bed,1 bath,NA,NA
"£1,650 pcm","Wem Tower, Wembley HA9",1 bed,1 bath,NA,NA
"£2,900 pcm","New Acres, Wandsworth SW18",2 beds,2 baths,NA,NA
"£2,041 pcm","The Robinson, Wembley HA9",1 bed,1 bath,NA,NA
"£3,572 pcm","Alameda, Wembley Park HA9",3 beds,2 baths,NA,NA
"£2,462 pcm","Clay, Dakota &amp; Montana, Wembley HA9",2 beds,2 baths,NA,NA
"£4,145 pcm","New Acres, Wandsworth SW18",3 beds,1 bath,NA,NA
"£3,091 pcm","Canada Gardens, Wembley HA9",2 beds,2 baths,NA,NA
"£3,180 pcm","The Robinson, Wembley HA9",3 beds,2 baths,NA,NA
"£3,663 pcm","The Robinson, Wembley HA9",4 beds,4 baths,NA,NA
"£2,600 pcm","New Acres, Wandsworth SW18",1 bed,1 bath,NA,NA
"£3,369 pcm","Scrubs Lane, London NW10",3 beds,2 baths,NA,NA
"£2,750 pcm","New Acres, Wandsworth SW18",2 beds,2 baths,NA,NA
"£2,039 pcm","Ferrum, Wembley Park HA9",1 bed,1 bath,NA,NA
"£2,500 pcm","Makers House, Stratford E20",2 beds,1 bath,NA,NA
"£1,445 pcm","Wem Tower, Wembley HA9",1 bath,NA,NA,NA
"£2,446 pcm","Scrubs Lane, London NW10",2 beds,1 bath,NA,NA
"£1,850 pcm","Linden Mews, London N1",1 bed,1 bath,1 reception,NA
"£2,900 pcm","Chelsea Creek, London SW6",1 bed,1 bath,NA,NA
"£2,600 pcm","North End Road, Wembley HA9",3 beds,1 bath,1 reception,NA
"£2,900 pcm","Middle Yard, Dudden Hill Lane, London NW10",3 beds,NA,NA,NA
"£2,290 pcm","New Acres, Wandsworth SW18",1 bath,NA,NA,NA
"£2,395 pcm","Alameda, Wembley Park HA9",1 bed,1 bath,NA,NA
"£2,290 pcm","New Acres, Wandsworth SW18",1 bed,1 bath,NA,NA
"£1,575 pcm","Wem Tower, Wembley HA9",1 bed,1 bath,NA,NA
"£2,430 pcm","New Acres, Wandsworth SW18",1 bed,1 bath,NA,NA
"£1,754 pcm","Scrubs Lane, London NW10",1 bath,NA,NA,NA
"£1,580 pcm","College Road, Croydon CR0",1 bath,NA,NA,NA
"£2,000 pcm","Merchants House, Stratford E20",1 bed,1 bath,NA,NA
"£2,500 pcm","Scrubs Lane, London NW10",2 beds,1 bath,NA,NA
"£2,800 pcm","New Acres, Wandsworth SW18",2 beds,2 baths,NA,NA
"£2,007 pcm","Landsby Building, Wembley Park HA9",1 bed,1 bath,NA,NA
"£2,000 pcm","Middle Yard, Dudden Hill Lane, London NW10",1 bed,1 bath,NA,NA
"£3,096 pcm","Madison, Wembley Park HA9",2 beds,2 baths,NA,NA
"£3,323 pcm","Scrubs Lane, London NW10",3 beds,2 baths,NA,NA
"£3,251 pcm","Canada Gardens, Wembley HA9",3 beds,3 baths,NA,NA
"£3,696 pcm","The Robinson, Wembley HA9",3 beds,2 baths,NA,NA
"£1,896 pcm","The Robinson, Wembley HA9",1 bath,NA,NA,NA
"£1,480 pcm","Wem Tower, Wembley HA9",1 bed,1 bath,NA,NA
"£2,750 pcm","Greenford Quay, Greenford UB6",3 beds,2 baths,NA,NA
"£2,450 pcm","Coppice Yard, Croydon CR0",3 beds,2 baths,NA,NA
"£2,500 pcm","Greenford Quay, Greenford UB6",2 beds,1 bath,NA,NA
"£2,595 pcm","Equipment Works, Walthamstow E17",2 beds,2 baths,NA,NA
"£2,145 pcm","Equipment Works, Walthamstow E17",1 bed,1 bath,NA,NA
"£3,500 pcm","Fulham Reach, Hammersmith W6",2 beds,2 baths,1 reception,NA
"£6,500 pcm","Central Avenue, London SW6",3 beds,2 baths,1 reception,NA
"£3,420 pcm","Clerkenwell, London WC1X",1 bed,1 bath,581 sq. ft,NA
"£2,405 pcm","Isle Of Dogs, London E14",2 beds,2 baths,1 reception,NA
"£3,500 pcm","Fulham Reach, Hammersmith W6",2 beds,2 baths,1 reception,NA
"£2,922 pcm","Coppermaker Square, Stratford E20",2 beds,2 baths,NA,NA
"£2,346 pcm","Coppermaker Square, Stratford E20",1 bed,1 bath,NA,NA
"£4,017 pcm","Coppermaker Square, Stratford E20",3 beds,2 baths,NA,NA
"£3,500 pcm","Coppermaker Square, Stratford E20",2 beds,2 baths,NA,NA
"£3,699 pcm","Broomhill Road, Woodford Green IG8",3 beds,1 bath,NA,NA
"£2,750 pcm","Coppermaker Square, Stratford E20",1 bed,1 bath,NA,NA
"£1,041 pcm","Clare Hall Manor, Hertfordshire EN6",1 bath,NA,NA,NA
"£1,106 pcm","Clare Hall Manor, Hertfordshire EN6",1 bath,NA,NA,NA
"£1,041 pcm","Clare Hall Manor, Hertfordshire EN6",1 bath,NA,NA,NA
"£5,005 pcm","Grosvenor Hill, Mayfair, London W1K",1 bed,1 bath,1 reception,NA
"£8,255 pcm","Edgware Road, Paddington And Bayswater, London W2",3 beds,2 baths,1 reception,NA
"£3,077 pcm","Merchant Square East, Paddington And Bayswater, London W2",1 bed,1 bath,1 reception,NA
"£7,735 pcm","Charles Clowes Walk, Battersea, London SW11",3 beds,2 baths,1 reception,NA
"£12,177 pcm","Rainville Road, Hammersmith, London W6",3 beds,3 baths,1 reception,NA
"£2,350 pcm","Blackwall Way, London E14",2 beds,1 bath,1 reception,NA
£125 pcm,"Hallsville Road, London E16",2 beds,2 baths,1 reception,NA
"£2,000 pcm","Newgate, Croydon CR0",2 beds,2 baths,NA,NA
"£2,000 pcm","Hallsville Road, London E16",2 beds,1 bath,1 reception,NA
"£1,650 pcm","Causton Square, Dagenham RM10",1 bed,1 bath,NA,NA
"£1,900 pcm","Lavender Hill, London SW11",1 bed,1 bath,NA,NA
£900 pcm,"Hospital Bridge Road, Twickenham TW2",1 bed,1 bath,NA,NA
£850 pcm,"Hospital Bridge Road, Twickenham TW2",3 beds,1 bath,NA,NA
"£1,980 pcm","Radbourne Crescent, London E17",1 bath,NA,NA,NA
"£3,010 pcm","Waterloo, London SE1",2 beds,1 bath,624 sq. ft,NA
"£65,000 pcm","Well Road, Hampstead, London NW3",6 beds,5 baths,4 receptions,NA
"£4,767 pcm","Clifton Hill, St John's Wood, London NW8",3 beds,3 baths,1 reception,NA
"£5,800 pcm","London, London W9",3 beds,2 baths,NA,NA
"£3,250 pcm","Buckland Crescent, London NW3",2 beds,2 baths,NA,NA
"£1,500 pcm","Tooting, London SW17",1 bed,1 bath,NA,NA
"£2,100 pcm","Pleshley, London N7",1 bed,1 bath,NA,NA
"£1,900 pcm","Haddon Road, Orpington BR5",3 beds,1 bath,NA,NA
"£1,550 pcm","Hale Grove Gardens, London NW7",1 bed,1 bath,NA,NA
"£2,725 pcm","Janson Close, Stratford E15",3 beds,1 bath,NA,NA
"£2,350 pcm","Mowlem Street, London E2",2 beds,1 bath,NA,NA
"£2,250 pcm","Stansted Crescent, Bexley DA5",3 beds,1 bath,NA,NA
"£3,200 pcm","Artillery Lane, London E1",1 bed,1 bath,NA,NA
"£4,815 pcm","Grosvenor Hill, Mayfair, London W1K",1 bed,1 bath,1 reception,NA
"£2,708 pcm","Balcombe Street, Marylebone, London NW1",1 bed,1 bath,1 reception,NA
"£2,100 pcm","Lanmore House High Road, Wembley HA9",2 beds,1 bath,598 sq. ft,NA
"£1,650 pcm","Atlantic Lodge -South Street, Romford RM1",1 bed,1 bath,543 sq. ft,NA
"£2,100 pcm","St. Barnabas Road, Mitcham CR4",2 beds,1 bath,698 sq. ft,NA
"£1,850 pcm","Ordnance Road, Enfield EN3",2 beds,1 bath,545 sq. ft,NA
"£1,995 pcm","Regency Crescent, London NW4",2 beds,2 baths,1 reception,NA
"£2,492 pcm","West Cromwell Road, London SW5",2 beds,1 bath,1 reception,NA
"£3,900 pcm","Gilston Road, London SW10",1 bed,1 bath,1 reception,NA
"£7,583 pcm","Queen's Gate Place Mews, London SW7",3 beds,2 baths,1 reception,NA
"£65,000 pcm","Hyde Park Gate, London SW7",7 beds,6 baths,3 receptions,NA
"£54,167 pcm","Knightsbridge, London SW1X",8 beds,10 baths,3 receptions,NA
"£1,733 pcm","Collingham Road, London SW5",1 bath,1 reception,NA,NA
"£12,957 pcm","Knightsbridge, London SW1X",3 beds,3 baths,1 reception,NA
"£3,445 pcm","Chapel Side, Moscow Road, London W2",2 beds,2 baths,1 reception,NA
"£2,817 pcm","Emperors Gate, London SW7",2 beds,2 baths,1 reception,NA
"£7,500 pcm","Central Avenue, Hammersmith And Fulham SW6",4 beds,2 baths,2 receptions,NA
"£6,335 pcm","Rainville Road, London W6",3 beds,2 baths,1 reception,883 sq. ft
"£4,247 pcm","Pembroke Road, London W8",3 beds,2 baths,1 reception,NA
"£7,367 pcm","Brompton Road, London SW3",2 beds,2 baths,1 reception,NA
"£4,442 pcm","Palace Wharf, Rainville Road, London W6",2 beds,2 baths,1 reception,700 sq. ft
"£4,550 pcm","Pelham Court, Fulham Road, Chelsea SW3",2 beds,2 baths,1 reception,743 sq. ft
"£4,680 pcm","Palace Wharf, Rainville Road, London W6",2 beds,2 baths,1 reception,786 sq. ft
"£8,385 pcm","Port Penthouse Palace Wharf, Rainville Road, London W6",3 beds,2 baths,1 reception,1249 sq. ft
"£6,335 pcm","Oxford Penthouse, Palace Wharf, Rainville Road, London W6",2 beds,2 baths,1 reception,926 sq. ft
"£4,593 pcm","Fulham Road, London SW3",2 beds,2 baths,1 reception,678 sq. ft
"£8,667 pcm","Starboard Penthouse Palace Wharf, Rainville Road, London W6",3 beds,3 baths,1 reception,1216 sq. ft
"£4,500 pcm","8 Cutter Lane, North Greenwich SE10",3 beds,2 baths,1 reception,1087 sq. ft
"£2,450 pcm","Craven Street, Charing Cross WC2N",1 bed,NA,NA,NA
£750 pcm,"Brighton Road, Purley CR8",1 bed,NA,NA,NA
"£1,750 pcm","Finsbury Park Road, London N4",1 bed,NA,NA,NA
"£1,600 pcm","Garratt Lane, London SW17",1 bed,1 bath,1 reception,NA
"£2,000 pcm","Barbot Close, London N9",2 beds,1 bath,1 reception,NA
"£8,645 pcm","Sloane Gardens, Sloane Square, London SW1W",2 beds,2 baths,2 receptions,NA
"£2,550 pcm","Lillie Road, London SW6",2 beds,1 bath,1 reception,NA
"£2,999 pcm","Salisbury Road, Southall UB2",5 beds,2 baths,1 reception,NA
"£1,200 pcm","Boulevard Drive, London NW9",2 beds,1 bath,1 reception,NA
"£2,100 pcm","Sparsholt Road, Barking IG11",3 beds,2 baths,2 receptions,NA
"£3,250 pcm","Ennerdale Drive, London NW9",3 beds,2 baths,1 reception,NA
"£2,350 pcm","Surrey Road, Barking IG11",1 bath,NA,NA,NA
"£1,547 pcm","Farrier Street, London NW1",4 beds,2 baths,1 reception,775 sq. ft
"£2,300 pcm","Eskdale Avenue, Northolt UB5",1 bed,1 bath,NA,NA
"£2,970 pcm","Amelia Street, Elephant And Castle, London SE17",1 bed,1 bath,1 reception,50 sq. ft
"£3,700 pcm","Camden Road, London N7",4 beds,2 baths,1 reception,NA
"£3,500 pcm","Vale Of Health, Hampstead NW3",2 beds,1 bath,2 receptions,NA
"£1,650 pcm","Tetty Way, Bromley BR1",2 beds,2 baths,1 reception,NA
"£2,955 pcm","The Sessile, 18 Ashley Road, London N17",2 beds,2 baths,782 sq. ft,NA
"£3,800 pcm","Peachey House, London SW18",2 beds,2 baths,NA,NA
"£1,450 pcm","Ferrers Avenue, Surrey SM6",2 beds,1 bath,NA,NA
"£3,200 pcm","Church Entry, London EC4V",1 bed,1 bath,NA,NA
"£1,500 pcm","Marjorie Grove, London SW11",1 bed,2 baths,NA,NA
"£2,430 pcm","Millfield Avenue, London E17",3 beds,1 bath,NA,NA
"£2,400 pcm","Cambray Road, London SW12",1 bed,1 bath,NA,NA
"£1,180 pcm","Penrith Close, London SW15",1 bed,4 baths,NA,NA
"£1,700 pcm","Tottenham Hale, London N17",1 bed,1 bath,NA,NA
"£1,150 pcm","Rosendale Road, London SE21",1 bath,NA,NA,NA
"£1,995 pcm","Dumbarton Road, London SW2",2 beds,1 bath,NA,NA
"£1,250 pcm","Blenheim Passage, Carlton Hill, London NW8",1 bed,1 bath,NA,NA
"£1,712 pcm","Fleet Road, Hampstead NW3",1 bed,1 bath,1 reception,NA
"£3,497 pcm","Eaton Place, Belgravia, London SW1X",1 bed,1 bath,1 reception,NA
£930 pcm,"Ormiston Grove, London W12",1 bed,2 baths,1 reception,NA
"£1,550 pcm","Pinfold Road, Streatham, London SW16",1 bed,1 bath,NA,NA
"£3,098 pcm","Wandsworth Bridge Road, Fulham SW6",2 beds,2 baths,1 reception,NA
"£2,197 pcm","Celia House, Arden Estate, London N1",2 beds,1 bath,NA,NA
"£2,899 pcm","Canrobert Street, London E2",3 beds,1 bath,NA,NA
"£2,400 pcm","Valley Side, London E4",3 beds,1 bath,NA,NA
"£1,800 pcm","86 Chigwell Road, London E18",2 beds,2 baths,NA,NA
"£2,750 pcm","4 Plaza Gardens, Putney, London SW15",2 beds,2 baths,NA,NA
"£3,500 pcm","100 Westminster Bridge Road, Elephant &amp; Castle, London SE1",2 beds,2 baths,NA,NA
"£3,800 pcm","Milton Crescent, Ilford IG2",5 beds,4 baths,NA,NA
